State,City,Population_2010,Violent_Crime_2010,Murder_Manslaughter_2010,Rape_2010,Robbery_2010,Aggravated_Assault_2010,Property_Crime_2010,Burglary_2010,Larceny_Theft_2010,Motor_Vehicle_Theft_2010,Arson_2010,Population_2011,Violent_Crime_2011,Murder_Manslaughter_2011,Forcible_Rape_2011,Robbery_2011,Aggravated_Assault_2011,Property_Crime_2011,Burglary_2011,Larceny_Theft_2011,Motor_Vehicle_Theft_2011,Arson_2011,Population_2012,Violent_Crime_2012,Murder_Manslaughter_2012,Rape_2012,Robbery_2012,Aggravated_Assault_2012,Property_Crime_2012,Burglary_2012,Larceny_Theft_2012,Motor_Vehicle_Theft_2012,Arson_2012,Population_2013,Violent_Crime_2013,Murder_Manslaughter_2013,Rape_2013,Rape_Legacy_2013,Robbery_2013,Aggravated_Assault_2013,Property_Crime_2013,Burglary_2013,Larceny_Theft_2013,Motor_Vehicle_Theft_2013,Arson_2013,Population_2014,Violent_Crime_2014,Murder_Manslaughter_2014,Rape_2014,Rape_Legacy_2014,Robbery_2014,Aggravated_Assault_2014,Property_Crime_2014,Burglary_2014,Larceny_Theft_2014,Motor_Vehicle_Theft_2014,Arson_2014,Population_2015,Violent_Crime_2015,Murder_Manslaughter_2015,Rape_2015,Rape_Legacy_2015,Robbery_2015,Aggravated_Assault_2015,Property_Crime_2015,Burglary_2015,Larceny_Theft_2015,Motor_Vehicle_Theft_2015,Arson_2015,gdp_2010,gdp_2011,gdp_2012,gdp_2013,gdp_2014,gdp_2015
Alabama,Decatur,57153,212,4,17,74,117,2751,682,1920,149,,55951,197,3,19,56,119,2109,815,1131,163,13,56126,240,2,9,80,149,2913,821,1964,128,,56091,149,5,12,,26,106,2553,569,1831,153,,55836,112,0,7,,25,80,2451,434,1883,134,,55483,162,5,17,,48,92,2366,469,1754,143,,5036,4997,5212,5333,5510,5418
Alabama,Dothan,69134,411,1,29,118,263,3136,1011,2034,91,,65811,343,2,22,106,213,2737,607,2014,116,0,66275,319,5,30,100,184,2934,886,1918,130,,67811,334,4,16,,78,236,2502,591,1802,109,,,,,,,,,,,,,,68997,274,1,10,,64,199,2171,461,1609,101,,4554,4556,4624,4778,4912,5113
Alabama,Gadsden,36835,318,5,30,110,173,2620,681,1797,142,22,37033,299,5,25,76,193,2973,768,1967,238,18,36961,372,1,33,113,225,3000,835,1969,196,,36610,424,6,47,,104,267,2934,830,1904,200,14,36455,358,3,31,,89,235,2806,733,1879,194,31,36148,364,3,32,,80,249,2724,499,2048,177,,2617,2717,2734,2717,2813,2887
Alabama,Huntsville,183357,1182,12,76,463,631,9768,2677,6230,861,21,180972,1518,13,51,405,1049,9749,2677,6306,766,23,183691,1696,14,72,456,1154,9261,2165,6386,710,20,184738,1507,24,87,,391,1005,9216,1884,6629,703,,187624,1467,15,104,,390,958,9161,1912,6521,728,28,190106,1541,18,132,,368,1023,8743,1761,6219,763,,21263,21784,22141,22552,23274,24248
Alabama,Montgomery,203966,797,25,55,401,316,11260,3279,7200,781,50,206754,707,31,38,354,284,10744,2885,7043,816,31,209018,827,44,41,459,283,12058,3409,7548,1101,64,,,,,,,,,,,,,200194,1046,35,35,,450,526,9025,2548,5817,660,,199139,1042,33,40,,391,578,8363,2342,5280,741,,15492,15798,16032,16342,16560,17041
Alabama,Tuscaloosa,95570,449,7,31,190,221,4828,1462,3188,178,6,90903,432,3,39,194,196,4402,1249,2963,190,20,91973,478,4,37,170,267,4349,1182,2965,202,,94126,434,8,44,,161,221,4512,1165,3196,151,,96412,466,9,53,,176,228,4138,1042,2913,183,,97511,560,7,45,,200,308,4210,1132,2892,186,,9518,10134,10049,10567,10736,11008
Alaska,Anchorage,290334,2432,13,264,454,1701,10214,1223,8178,813,86,296955,2388,12,283,465,1628,9455,1080,7750,625,126,299143,2479,15,303,488,1673,10543,1158,8554,831,97,299455,2435,14,408,,522,1491,12032,1318,9845,869,74,301306,2605,12,392,,496,1705,11531,1375,9217,939,81,301239,3226,26,517,,621,2062,11801,1685,8962,1154,106,29028,30940,32263,31837,30972,28876
Alaska,Fairbanks,35989,284,0,70,33,181,1367,149,1117,101,4,32089,177,2,17,33,125,1232,130,1026,76,5,32423,169,3,29,37,100,1379,130,1137,112,3,32505,213,0,34,,37,142,1269,116,1050,103,4,32477,214,4,39,,52,119,1247,155,969,123,1,32677,157,1,14,,24,118,1192,149,938,105,7,5193,5424,5485,5377,5466,5441
Arizona,Flagstaff,58739,267,5,37,49,176,2955,226,2666,63,21,66802,263,0,45,38,180,3008,235,2706,67,24,66633,262,0,28,45,189,2834,242,2533,59,23,67963,246,1,,25,43,177,2869,220,2594,55,25,69490,275,3,30,,46,196,3020,215,2722,83,11,69471,260,0,35,,45,180,2654,180,2418,56,19,4842,4790,4850,5130,5274,5488
Arizona,Prescott,41428,135,0,11,13,111,1251,221,979,51,8,40407,171,4,12,13,142,1258,260,960,38,6,40420,168,2,14,19,133,1104,197,883,24,9,40752,124,0,,7,11,106,1085,182,855,48,4,40992,141,0,6,,14,121,1229,179,1004,46,5,41393,137,4,11,,13,109,1061,140,884,37,5,4512,4439,4492,4688,4977,5127
Arizona,Tucson,527107,3331,51,158,1088,2034,,5002,,3433,153,527479,3440,51,204,1163,2022,,4979,,2746,167,531535,3851,43,234,1260,2314,,5021,,2499,198,525486,3368,47,,216,1002,2103,34587,4957,27440,2190,151,,,,,,,,,,,,,529675,3472,31,422,,1059,1960,35185,3664,29592,1929,117,33110,33271,34385,34898,36184,36193
Arizona,Yuma,88291,550,3,24,56,467,3060,815,2058,187,27,94381,490,4,33,66,387,3227,822,2196,209,23,95568,508,5,27,61,415,3353,955,2162,236,35,96014,587,5,46,,64,472,3375,805,2348,222,25,92075,520,3,35,,70,412,3334,855,2166,313,38,93923,453,5,46,,74,328,2925,682,1984,259,32,5394,5638,5350,5729,5583,5665
Arkansas,Fort Smith,86096,667,6,74,124,463,4815,1073,3530,212,14,86861,601,5,63,100,433,4703,1110,3389,204,20,87483,687,5,69,95,518,4771,1064,3524,183,10,87821,606,4,79,,94,429,4621,975,3447,199,9,87989,663,4,74,,106,479,4672,866,3625,181,9,87603,704,5,66,,119,514,5162,953,3990,219,11,9583,9792,9932,10421,10771,10633
Arkansas,Hot Springs,40081,402,7,22,72,301,3124,793,2161,170,4,35459,328,2,22,47,257,2847,589,2130,128,3,35722,164,9,10,55,90,3067,622,2330,115,2,35551,140,7,25,,57,51,3181,721,2294,166,3,,,,,,,,,,,,,,,,,,,,,,,,,2732,2952,3143,3305,3391,3368
Arkansas,Jonesboro,67382,295,2,22,56,215,2901,1213,1619,69,9,67772,333,1,44,81,207,3347,1276,1968,103,15,68807,295,4,21,78,192,3157,1166,1889,102,12,71114,313,2,36,,58,217,2995,979,1930,86,12,72569,380,9,55,,61,255,3172,681,2409,82,8,73404,392,4,56,,56,276,2944,671,2182,91,9,4241,4283,4339,4616,4651,4843
Arkansas,Pine Bluff,49971,687,7,40,165,475,3748,1371,2074,303,38,49454,683,12,41,152,478,4008,1565,2168,275,49,48522,625,14,32,135,444,3312,1124,2008,180,39,,,,,,,,,,,,,45402,576,13,39,,141,383,2656,991,1487,178,49,44466,569,10,32,,104,423,2767,921,1679,167,48,3107,3106,3154,3144,3104,3055
California,Bakersfield,333458,2104,33,34,641,1396,15197,4235,8507,2455,103,351568,1866,18,39,548,1261,14840,4321,8123,2396,125,355696,1929,34,57,697,1141,17754,4994,9540,3220,208,361859,1857,24,,43,708,1082,16814,4605,9272,2937,193,367406,1678,17,,21,660,980,14595,4065,8247,2283,372,373887,1810,22,71,,655,1062,15559,3877,9288,2394,339,32617,34016,36210,37089,38347,35829
California,Chico,85630,245,1,47,88,109,2347,710,1416,221,33,87200,245,5,37,92,111,2115,487,1337,291,29,87090,282,1,46,95,140,2291,778,1259,254,49,88226,299,2,,41,95,161,2572,622,1568,382,37,88562,340,1,,53,100,186,3213,483,2385,345,70,89949,317,2,59,,87,169,3634,642,2591,401,191,6338,6393,6414,6951,7125,7559
California,El Centro,41535,197,1,7,45,144,2408,672,1546,190,13,43099,165,2,11,36,116,2284,695,1424,165,15,43643,166,2,7,40,117,2477,734,1572,171,9,43249,144,1,,7,54,82,2039,416,1499,124,3,43532,167,0,,12,59,96,2095,406,1544,145,8,44033,164,1,10,,56,97,2667,493,1983,191,11,4995,5588,5383,5622,5933,5947
California,Fresno,484734,3034,45,70,1021,1898,24460,5262,14645,4553,147,500480,2915,35,51,1020,1809,25421,5713,14928,4780,136,506011,2748,51,54,1015,1628,25737,5902,15534,4301,134,508876,2552,40,,53,903,1556,22584,5223,13304,4057,184,513187,2382,47,,53,781,1501,21101,4721,13277,3103,259,520837,2871,39,167,,1012,1653,21606,4429,14184,2993,255,32389,34479,34774,35787,37075,38830
California,Madera,58147,357,8,22,100,227,1319,460,552,307,0,62138,406,1,15,115,275,1442,608,528,306,0,62796,466,2,19,114,331,1621,653,622,346,0,62973,568,7,,28,107,426,1855,589,1010,256,0,63495,415,6,15,,72,322,1686,472,1007,207,12,64127,450,3,18,,94,335,1922,462,1135,325,4,3791,4123,4434,4890,5071,4962
California,Merced,77484,549,7,33,141,368,2808,633,1934,241,23,79886,503,8,20,149,326,3159,802,2044,313,42,80976,810,9,25,215,561,4111,955,2721,435,58,81329,556,5,,19,133,399,2647,644,1608,395,104,81603,570,13,,17,143,397,2632,605,1678,349,40,82409,763,11,31,,151,570,2760,588,1608,564,81,6271,7139,6987,7673,8138,8348
California,Modesto,203890,1398,10,62,427,899,9383,2171,5786,1426,56,203530,1413,14,67,425,907,8894,2121,5410,1363,56,204631,1590,20,59,450,1061,11276,2571,6906,1799,54,204252,1704,14,,72,450,1168,9989,2251,6349,1389,62,205820,1778,11,,81,385,1301,9113,1754,6164,1195,59,210794,2025,25,85,,488,1427,10123,1639,6749,1735,66,15681,16281,16690,17268,18294,19110
California,Napa,75482,245,1,21,44,179,1557,328,1102,127,11,77819,224,1,24,47,152,1615,344,1132,139,9,78589,216,2,17,39,158,1643,349,1073,221,8,78761,255,2,,26,47,180,1409,304,975,130,16,79572,249,2,34,,39,174,1315,290,900,125,0,80749,298,0,38,,30,230,1412,355,905,152,6,7038,7171,7953,8547,8884,9363
California,Redding,91414,793,2,61,105,625,3037,849,1946,242,11,90917,701,3,63,100,535,3396,823,2237,336,4,90974,705,3,66,131,505,4380,1088,2790,502,5,91035,585,2,,49,146,388,3774,742,2483,549,5,91426,610,4,,52,142,412,3924,802,2636,486,8,92020,614,2,50,,145,417,4169,769,2888,512,11,5109,5251,5263,5350,5628,5933
California,Salinas,144242,1162,19,23,365,755,4648,1358,2437,853,23,152210,1115,15,34,374,692,4492,1140,2189,1163,22,154413,1027,21,41,488,477,4906,1218,2606,1082,29,155742,1001,24,,36,451,490,5356,1148,2720,1488,36,156908,997,15,,32,449,501,5227,1281,2330,1616,36,158185,1098,40,76,,369,613,4145,679,1534,1932,19,18721,18891,19754,20666,21360,21980
California,Santa Rosa,158182,767,2,56,166,543,4096,757,3041,298,9,169788,682,5,58,134,485,3706,637,2794,275,16,170862,636,2,67,126,441,3818,725,2777,316,22,171564,541,3,,42,105,391,3506,638,2559,309,25,172991,636,2,,70,130,434,3850,598,2873,379,42,175738,606,4,89,,131,382,4311,639,3223,449,41,20296,21269,21667,22529,23833,26052
California,Yuba City,62694,216,2,22,51,141,1783,409,1222,152,11,65688,210,1,20,57,132,1795,348,1277,170,9,65653,247,4,22,43,178,1982,501,1297,184,14,65133,174,2,,15,39,118,1980,438,1210,332,16,65525,223,0,,21,53,149,1699,410,1109,180,17,65974,216,0,28,,66,122,1792,429,1160,203,14,4757,4957,4986,5376,5488,5765
Colorado,Boulder,99255,210,4,33,29,144,2722,478,2155,89,56,99081,275,2,35,35,203,2491,467,1899,125,55,100257,249,0,32,48,169,2937,472,2337,128,26,102828,218,0,38,,40,140,2948,612,2236,100,27,104284,242,1,41,,28,172,2777,481,2146,150,28,106823,222,2,47,,25,148,2825,474,2214,137,15,18722,19338,20348,21310,22243,23414
Colorado,Colorado Springs,397886,1957,20,319,526,1092,16794,3452,12054,1288,100,423680,1865,26,319,449,1071,15866,3323,11375,1168,107,432287,1968,18,358,523,1069,17899,3641,12456,1802,76,436108,1893,26,370,,418,1079,18175,3726,12521,1928,62,444949,2039,20,412,,404,1203,16319,2759,11914,1646,94,452410,1983,25,341,,376,1241,16504,2414,12363,1727,126,26298,27008,27776,27811,28559,29850
Colorado,Fort Collins,138689,438,0,64,50,324,4551,643,3706,202,36,146494,420,3,56,46,315,4272,560,3553,159,15,148792,391,2,44,40,305,4119,598,3379,142,15,150066,357,0,57,,37,263,3808,531,3137,140,12,154015,329,1,41,,36,251,3782,489,3142,151,24,159629,313,2,27,,37,247,4015,507,3270,238,10,11703,12048,12680,13486,14371,15482
Colorado,Grand Junction,59029,206,2,42,28,134,2167,333,1734,100,9,59586,257,2,74,37,144,2588,379,2070,139,24,59516,252,2,52,29,169,2733,308,2295,130,18,60167,262,2,63,,48,149,2552,298,2141,113,26,59972,286,1,64,,42,179,2530,265,2164,101,21,60508,257,0,66,,26,165,2673,334,2191,148,17,4853,5004,5166,5198,5447,5429
Colorado,Greeley,92804,425,1,41,56,327,2970,537,2285,148,36,94507,437,1,38,75,323,3118,593,2377,148,52,96276,426,1,40,64,321,3243,542,2560,141,33,96111,491,2,74,,68,347,3219,475,2558,186,26,97406,485,1,74,,61,349,3292,499,2593,200,24,99993,455,1,76,,58,320,2624,423,2027,174,24,7550,7930,8414,9119,10172,10472
Colorado,Pueblo,103612,885,1,30,157,697,4972,1622,2899,451,51,108452,831,12,40,173,606,5494,1590,3434,470,50,109065,797,8,21,199,569,7030,1895,4642,493,43,108062,1011,2,165,,211,633,7596,1900,5168,528,30,108591,886,10,152,,183,541,7077,2002,4439,636,34,108810,986,12,170,,186,618,7274,2060,4318,896,37,4213,4384,4467,4491,4686,4824
Delaware,Dover,37113,239,1,10,52,176,2122,151,1858,113,11,36416,313,5,15,73,220,2243,132,2030,81,10,36961,280,1,13,61,205,2189,116,2008,65,10,37402,266,1,16,,58,191,2093,88,1919,86,0,37671,242,2,14,,64,162,1874,74,1736,64,0,37691,284,7,13,,50,214,1994,84,1852,58,0,6121,6208,6344,6460,6900,7104
Florida,Gainesville,116880,906,4,86,199,617,5404,1213,3859,332,22,126049,912,6,82,184,640,5356,1063,4003,290,3,127036,851,6,74,171,600,5201,1009,3953,239,9,126589,806,6,62,,155,583,4986,742,4000,244,13,128185,817,2,102,,150,563,4580,594,3688,298,19,129410,930,2,111,,231,586,4617,543,3767,307,7,10653,10647,10858,11122,11585,12049
Florida,Jacksonville,822414,5469,80,316,1693,3380,37424,9588,25863,1973,99,834429,5182,71,350,1578,3183,36113,8518,25733,1862,108,840660,5189,93,341,1371,3384,34674,7632,25403,1639,80,845745,5246,93,452,,1424,3277,33007,7069,24361,1577,97,856021,5853,96,479,,1419,3859,33732,6806,24945,1981,92,867258,5622,97,471,,1398,3656,31854,6082,23456,2316,71,57277,57391,59779,61398,64232,67557
Florida,Ocala,56396,461,3,34,155,269,3171,712,2372,87,4,57082,358,5,26,112,215,3154,713,2376,65,7,57288,375,6,42,92,235,3097,606,2431,60,7,57144,332,6,25,,92,209,2889,530,2306,53,9,57740,360,7,34,,87,232,3003,494,2439,70,15,57891,378,3,24,,108,243,3034,438,2507,89,15,7001,6978,7049,7317,7505,7889
Florida,Panama City,36593,277,5,5,78,189,2423,508,1785,130,6,36981,316,3,11,78,224,2281,410,1753,118,1,37187,285,3,9,75,198,2307,434,1743,130,11,36358,322,3,10,,65,244,2299,377,1803,119,6,37204,343,8,7,,65,263,2581,451,1952,178,9,38217,345,2,8,,86,249,2339,355,1846,138,3,7196,7043,6854,7111,7645,7909
Florida,Port St. Lucie,163089,386,3,45,49,289,3212,909,2224,79,9,166846,371,6,30,61,274,3861,1128,2590,143,11,168416,395,4,47,55,289,3031,816,2124,91,6,169877,303,1,21,,40,241,2461,722,1666,73,4,172453,243,6,16,,37,184,2498,511,1896,91,9,176364,260,2,18,,29,211,2406,392,1929,85,4,11153,11140,11178,11346,11727,12446
Florida,Punta Gorda,17389,27,0,1,2,24,376,176,198,2,2,16868,15,0,0,3,12,326,55,258,13,1,16925,11,0,0,4,7,278,49,223,6,1,16942,21,0,2,,2,17,296,36,256,4,0,17305,8,0,0,,3,5,287,39,241,7,0,17841,22,1,1,,5,15,230,16,200,14,1,3218,3233,3268,3419,3519,3791
Florida,Sebring,10518,59,1,4,15,39,462,129,323,10,3,10634,35,0,1,3,31,518,147,358,13,1,10617,51,0,4,22,25,461,136,318,7,2,10318,57,2,2,,9,44,513,123,378,12,5,10312,43,1,1,,17,24,478,100,363,15,7,10363,34,1,5,,15,13,532,104,416,12,0,1883,1897,1952,1922,1890,1961
Florida,Tallahassee,174516,1802,13,130,492,1167,8579,2920,5310,349,21,183848,1661,10,107,511,1033,9363,3252,5748,363,20,185461,1582,12,115,525,930,8617,2630,5463,524,9,188714,1398,11,160,,387,840,8116,2082,5594,440,7,187573,1758,14,198,,307,1239,9080,2316,6099,665,8,189709,2019,16,235,,399,1369,9658,2073,6617,968,8,13574,13427,13459,13748,14244,14747
Georgia,Albany,73034,722,11,28,203,480,5037,1629,3108,300,15,78454,640,13,37,176,414,4719,1332,3174,213,14,78512,813,4,27,224,558,5001,1408,3369,224,13,77365,749,8,,21,183,537,4661,1319,3169,173,19,75858,775,9,,26,156,584,4196,1172,2849,175,14,75357,800,10,,35,201,554,3902,1137,2616,149,22,4903,4915,5018,5108,5101,5152
Georgia,Brunswick,15871,238,2,8,76,152,1418,406,960,52,8,15586,251,2,5,68,176,1261,366,850,45,3,15691,220,4,3,61,152,1113,294,788,31,6,15709,162,3,,4,38,117,1110,331,732,47,3,15912,225,2,,6,58,159,1202,325,836,41,6,16026,184,2,,10,46,126,952,265,622,65,0,3287,3295,3372,3453,3508,3616
Georgia,Columbus,184576,1005,15,38,477,475,13442,3454,8981,1007,65,192385,933,15,40,413,465,12450,3342,8059,1049,39,196178,994,17,31,423,523,11266,2709,7711,846,28,201165,1022,22,,36,481,483,12475,3355,8012,1108,37,206714,1101,22,,47,511,521,13378,3711,8495,1172,47,203778,1132,19,,68,547,498,11295,2560,7678,1057,37,11935,12396,12912,13271,13377,13730
Georgia,Dalton,33064,76,0,4,27,45,1182,285,838,59,4,33564,90,0,9,28,53,1304,254,996,54,8,33668,88,2,8,26,52,1250,229,984,37,7,33475,66,0,,7,12,47,1319,201,1063,55,4,33464,90,3,,14,15,58,1242,203,979,60,6,33617,96,1,,15,12,68,1155,178,923,54,0,4918,5219,5325,5607,5842,5983
Georgia,Gainesville,35657,119,1,17,39,62,1623,278,1283,62,3,34249,116,2,12,46,56,1582,332,1176,74,1,34789,113,3,15,49,46,1497,240,1172,85,1,35111,115,1,,21,39,54,1505,209,1230,66,4,35967,131,2,,16,33,80,1492,214,1202,76,2,36948,150,3,,19,41,87,1345,183,1080,82,2,6470,6924,7192,7508,7891,8569
Georgia,Hinesville,29764,149,5,9,45,90,1660,448,1148,64,5,33877,155,2,12,41,100,1605,506,1042,57,,34887,153,2,18,33,100,1479,389,1049,41,6,35311,120,3,,8,42,67,1444,351,1035,58,9,34525,162,1,,6,35,120,1426,347,1040,39,8,35271,118,1,,2,26,89,1211,205,961,45,,3351,3562,3478,3498,3419,3436
Georgia,Macon,89125,708,22,34,284,368,7277,2136,4516,625,72,92554,566,13,33,246,274,7807,2154,5104,549,62,92836,583,21,41,242,279,6699,1828,4371,500,56,91177,583,18,,46,231,288,6800,1993,4318,489,43,,,,,,,,,,,,,,,,,,,,,,,,,7888,8064,8230,8566,8931,9293
Georgia,Rome,34896,233,1,17,90,125,1990,447,1439,104,7,36781,227,4,18,62,143,2202,472,1655,75,18,36567,190,2,15,45,128,2241,490,1667,84,27,36098,247,2,,19,69,157,2178,413,1681,84,21,,,,,,,,,,,,,35921,210,4,,18,49,139,1775,267,1410,98,5,3224,3207,3287,3366,3485,3645
Georgia,Valdosta,51089,270,3,17,81,169,2633,856,1665,112,9,55236,268,5,27,102,134,2500,815,1598,87,10,56617,248,3,38,88,119,2324,655,1592,77,10,,,,,,,,,,,,,56862,184,7,,9,65,103,3289,542,2627,120,5,,,,,,,,,,,,,4360,4332,4390,4587,4729,4850
Georgia,Warner Robins,61332,341,4,19,95,223,3575,810,2589,176,23,67465,349,5,22,123,199,4099,750,3172,177,17,69231,366,6,21,141,198,3979,781,3050,148,18,71614,364,4,,17,138,205,4213,854,3191,168,7,73418,328,2,,20,119,187,4524,867,3451,206,16,74363,398,2,,28,117,251,3973,784,3014,175,13,6367,6532,6622,6607,6711,6865
Idaho,Coeur d'Alene,44626,254,0,21,17,216,1579,284,1244,51,17,,,,,,,,,,,,45267,260,0,26,14,220,1978,431,1395,152,15,46023,257,0,53,,20,184,1735,359,1259,117,8,46952,239,2,40,,22,175,1822,334,1347,141,23,48871,198,1,40,,21,136,1335,214,1037,84,32,4354,4445,4481,4797,5020,5186
Idaho,Idaho Falls,55524,182,3,23,14,142,1582,327,1194,61,8,57512,148,1,27,9,111,1582,289,1203,90,5,58037,139,0,26,13,100,1705,276,1361,68,6,58188,124,0,31,,19,74,1623,304,1210,109,6,58606,126,0,36,,7,83,1502,239,1164,99,6,59109,167,2,29,,9,127,1605,291,1222,92,9,5075,5207,5297,5365,5418,5769
Idaho,Lewiston,31860,53,0,20,2,31,1332,277,992,63,4,,,,,,,,,,,,32337,55,0,7,10,38,1280,289,934,57,1,32093,49,0,8,,8,33,1169,264,853,52,1,32521,59,1,10,,9,39,1133,212,847,74,1,32621,75,2,24,,8,41,1074,295,686,93,3,1969,1961,2002,2067,2134,2197
Idaho,Pocatello,55215,132,1,24,6,101,1726,296,1360,70,5,54855,132,3,15,5,109,1794,262,1457,75,5,55182,141,1,10,22,108,1502,262,1192,48,4,54935,195,0,21,,27,147,1776,278,1415,83,7,,,,,,,,,,,,,54286,197,1,21,,6,169,1630,344,1183,103,8,2391,2456,2465,2402,2449,2541
Illinois,Bloomington,74304,385,1,43,75,266,1960,493,1414,53,11,76841,361,1,69,58,233,1740,460,1231,49,16,77107,372,1,42,45,284,1797,357,1396,44,12,78060,399,2,,57,59,281,1901,402,1446,53,8,79451,327,3,56,,30,238,1668,298,1311,59,6,79233,305,0,61,,42,202,1460,264,1121,75,8,9816,10121,10673,11077,11129,10414
Illinois,Danville,31942,348,1,35,86,226,2178,826,1295,57,9,33126,335,3,50,74,208,2206,793,1366,47,11,32997,328,3,42,80,203,1980,659,1247,74,21,,,,,,,,,,,,,32404,348,0,43,,77,228,1878,630,1191,57,6,32056,452,0,52,,87,313,2037,705,1255,77,11,2564,2665,2756,2825,2801,2750
Illinois,Decatur,74857,468,4,20,136,308,3121,1514,1481,126,27,76351,481,10,14,124,333,2835,1140,1581,114,29,76131,352,6,26,106,214,2448,921,1445,82,30,75190,351,5,,9,84,253,2369,793,1512,64,20,74373,355,1,10,,93,251,2225,644,1519,62,24,73499,379,6,38,,120,215,2399,649,1680,70,25,5574,5763,5805,5838,6161,6186
Illinois,Kankakee,26481,245,4,42,99,100,1132,339,746,47,12,27620,253,4,31,110,108,1303,391,859,53,16,27609,237,6,26,71,134,1201,348,809,44,25,27286,196,4,,23,70,99,1063,285,743,35,10,27026,221,6,28,,93,94,1232,292,906,34,15,,,,,,,,,,,,,3302,3390,3763,3773,3812,3905
Illinois,Peoria,114557,878,22,31,306,519,5163,1460,3436,267,61,115353,814,16,33,288,477,5438,1721,3460,257,65,115288,919,10,25,324,560,5022,1420,3370,232,52,115953,784,16,,24,275,469,4415,1123,3098,194,37,116923,759,7,68,,230,454,4858,1224,3442,192,41,116066,772,14,64,,310,384,4448,1084,3224,140,38,17984,20020,22178,19739,19856,20336
Illinois,Rockford,156180,2272,21,110,495,1646,7805,2375,4992,438,89,153331,2106,21,112,566,1407,7122,1890,4746,486,69,152293,2083,9,124,499,1451,7608,2224,5003,381,72,150209,2065,19,145,,394,1507,7039,2001,4666,372,107,149586,1847,17,131,,412,1287,6401,1708,4313,380,82,148178,2349,19,148,,504,1678,5856,1440,3928,488,63,12574,13201,14120,14055,14431,14939
Illinois,Springfield,117383,1452,7,104,338,1003,7567,2167,5160,240,57,116600,1278,8,103,258,909,7176,1883,5076,217,69,117131,1138,10,76,260,792,6945,1670,5033,242,41,117351,1191,4,,71,287,829,5905,1300,4439,166,44,117134,1248,4,97,,258,889,5535,1110,4300,125,55,116875,1251,11,103,,257,880,5321,1131,3997,193,57,8972,9233,9280,9403,9642,9940
Indiana,Bloomington,72286,306,1,31,72,202,3143,815,2203,125,17,80816,244,4,18,58,164,3072,601,2300,171,15,81636,243,3,18,42,180,3244,622,2471,151,25,82415,275,2,,34,78,161,2606,516,1942,148,35,83075,294,1,61,,81,151,2466,487,1854,125,,84015,313,2,43,,64,204,2680,504,2028,148,,6217,6217,6158,6100,6407,6636
Indiana,Columbus,40554,78,0,17,21,40,2269,282,1834,153,9,44286,84,1,7,20,56,2597,303,2087,207,3,44817,83,1,12,22,48,2210,262,1768,180,5,45874,82,1,,17,19,45,2124,241,1754,129,3,46196,45,0,,12,20,13,2001,204,1630,167,5,46640,41,1,,20,17,3,2104,244,1729,131,7,4448,4686,5106,5290,5545,5890
Indiana,Evansville,116541,493,5,63,143,282,5544,1086,4248,210,68,118029,491,3,56,154,278,5456,1074,4151,231,88,118194,560,8,56,199,297,6083,1132,4531,420,76,120284,564,5,,54,211,294,5859,996,4371,492,48,120372,623,9,,69,223,322,6883,1087,5250,546,,120414,708,4,80,,199,425,6162,980,4814,368,54,15929,16802,16587,16500,16987,17376
Indiana,Fort Wayne,257009,746,23,96,314,313,8860,2140,6433,287,50,254987,785,24,94,310,357,9036,1888,6768,380,41,256625,931,22,93,447,369,9515,2025,7073,417,57,254820,949,31,95,,447,376,9807,2396,7025,386,25,257172,816,12,104,,347,353,8352,1765,6223,364,45,259712,984,25,97,,446,416,7943,1480,6131,332,49,17875,18352,19220,19588,20423,21280
Indiana,Kokomo,45412,152,3,20,63,66,2380,475,1862,43,0,45700,184,3,20,73,88,2558,505,1954,99,3,45636,177,4,15,61,97,1857,462,1294,101,1,56878,185,2,,18,66,99,2210,496,1600,114,5,56904,162,3,,22,42,95,2074,501,1515,58,2,57143,436,3,,21,77,335,1737,452,1209,76,2,3625,3730,3835,4032,4109,4452
Indiana,Muncie,67736,244,0,22,101,121,2084,476,1432,176,28,70443,513,1,42,108,362,2433,553,1701,179,33,70300,258,1,9,99,149,2934,690,2041,203,35,70059,288,0,,29,96,163,3007,532,2321,154,24,70347,277,2,37,,101,137,2899,490,2232,177,9,,,,,,,,,,,,,3361,3438,3612,3642,3724,3915
Indiana,Terre Haute,60156,146,2,33,68,43,4202,1086,2760,356,47,61095,152,4,17,91,40,3942,934,2725,283,42,61152,191,4,29,85,73,3730,1035,2412,283,47,61215,177,4,22,,54,97,3261,850,2130,281,52,61085,198,4,30,,51,113,3012,758,1989,265,48,60997,153,1,27,,68,57,2855,526,2044,285,58,6308,6389,6386,6574,6649,6687
Iowa,Ames,57817,177,1,24,10,142,1556,289,1217,50,3,59274,178,0,18,10,150,1670,351,1263,56,2,59271,78,0,32,7,39,1454,291,1132,31,5,61193,88,0,34,,11,43,1439,224,1181,34,10,62514,75,0,23,,15,37,1117,191,901,25,7,64383,98,1,29,,16,52,1225,198,983,44,10,4536,4445,4327,4474,4761,4962
Iowa,Cedar Rapids,129605,379,1,33,123,222,4966,1026,3701,239,11,126988,358,2,41,86,229,4879,1099,3566,214,17,128401,356,3,43,97,213,4723,966,3503,254,30,128642,392,4,46,,90,252,4707,977,3433,297,19,128901,385,8,41,,128,208,4953,933,3740,280,10,129863,361,6,30,,106,219,4937,983,3659,295,16,15568,16199,16391,16780,17629,18170
Iowa,Dubuque,57744,333,0,18,36,279,1771,463,1257,51,24,57939,135,1,20,32,82,1702,416,1239,47,34,58460,128,2,20,22,84,,,1160,46,32,58313,132,0,14,,36,82,1641,409,1172,60,26,58421,145,0,27,,20,98,1513,383,1071,59,22,58650,168,5,31,,27,105,1945,563,1330,52,19,4460,4566,5292,5106,5378,5559
Iowa,Iowa City,70411,183,0,32,31,120,1533,283,1176,74,8,68217,163,0,24,18,121,1580,326,1207,47,8,69214,185,1,29,31,124,1842,387,1394,61,3,70855,228,0,28,,56,144,1850,357,1411,82,7,72522,213,1,31,,51,130,1756,269,1411,76,6,74834,194,0,39,,30,125,1923,373,1476,74,3,7458,7869,8281,8780,9207,9419
Iowa,Sioux City,83494,285,0,22,32,231,3103,618,2333,152,16,83117,339,1,36,34,268,3507,709,2635,163,11,83289,274,2,30,46,196,3470,621,2645,204,17,82676,324,3,46,,40,235,3658,604,2814,240,7,82372,289,1,45,,41,202,3166,533,2427,206,18,82445,346,2,40,,54,250,3496,648,2557,291,25,7718,7860,7935,8721,8856,9224
Kansas,Lawrence,93945,413,0,40,61,312,3841,522,3163,156,21,88200,335,0,33,37,265,3793,502,3098,193,14,89180,370,0,52,53,265,3997,604,3190,203,26,90034,338,1,50,,74,213,3625,493,2959,173,19,,,,,,,,,,,,,,,,,,,,,,,,,3613,3720,3825,3901,3985,4067
Kansas,Topeka,125306,697,14,51,222,410,7506,1598,5404,504,14,128283,698,15,53,235,395,7529,1727,5213,589,,128843,772,15,39,237,481,6841,1277,4967,597,7,128009,612,11,,33,172,396,6486,1238,4679,569,7,127673,651,6,66,,198,381,6260,1007,4672,581,5,127096,720,11,93,,228,388,6601,1176,4876,549,12,9092,9434,9632,9727,9924,9806
Kansas,Wichita,376880,3026,16,246,481,2283,18241,4241,12472,1528,129,384796,2950,25,238,490,2197,19456,4005,13550,1901,139,386409,2869,23,228,495,2123,21070,3919,15331,1820,134,386486,3065,15,244,,468,2338,20802,3933,14885,1984,113,,,,,,,,,,,,,389824,3839,27,349,,733,2730,19652,3480,14127,2045,129,28193,30043,31084,29111,31063,31473
Kentucky,Bowling Green,57308,152,0,39,55,58,2662,512,2022,128,2,58468,167,3,31,60,73,2716,462,2127,127,1,59043,189,4,36,75,74,3025,547,2322,156,5,61130,201,2,59,,69,71,2852,455,2272,125,2,62117,201,1,49,,64,87,2938,440,2384,114,2,63346,225,0,54,,83,88,3137,488,2486,163,1,5310,5436,5761,6043,6278,6569
Kentucky,Owensboro,55848,115,2,36,28,49,2255,399,1772,84,12,57661,143,1,46,37,59,2323,513,1711,99,6,57751,125,0,28,45,52,2518,469,1928,121,12,58304,140,0,47,,49,44,2032,373,1553,106,7,58659,122,0,28,,41,53,2252,385,1763,104,7,58608,130,0,38,,50,42,2178,319,1749,110,7,4639,4836,5096,5429,5631,5878
Louisiana,Alexandria,49283,592,4,11,184,393,3787,943,2714,130,,48159,651,2,11,159,479,3560,869,2517,174,,48449,815,9,14,142,650,3630,974,2472,184,,48488,803,6,,11,156,630,3880,1130,2561,189,,48618,858,9,9,,170,670,3761,1073,2484,204,0,48305,988,7,11,,168,802,4046,1011,2794,241,0,5529,5184,5264,5215,5322,5345
Louisiana,Hammond,20386,335,0,10,97,228,2326,964,1253,109,0,20202,322,2,15,80,225,2311,879,1358,74,0,20355,332,4,15,103,210,2440,993,1446,1,0,20162,251,3,,14,77,157,2305,902,1322,81,0,20416,240,1,7,,54,178,2152,782,1368,2,0,20449,208,0,11,,53,144,2077,564,1448,65,1,3678,3787,3636,3589,3767,3668
Louisiana,Lafayette,115378,940,12,20,240,668,6989,1432,5267,290,26,121726,843,6,15,232,590,6511,1194,5040,277,50,122852,779,11,11,202,555,6815,1330,5244,241,32,123409,868,8,,17,272,571,7568,1276,5995,297,19,125122,814,7,10,,248,549,6800,1186,5208,406,,127273,712,19,19,,167,507,6752,1014,5334,404,29,25125,26782,27346,27139,27147,24696
Louisiana,Lake Charles,71795,488,7,27,148,306,3047,1826,1088,133,0,,,,,,,,,,,,,,,,,,,,,,,73894,547,11,,31,178,327,3535,1974,1356,205,,,,,,,,,,,,,,75564,559,3,42,,149,365,3057,1588,1299,170,0,13677,13920,14822,13466,14856,15353
Louisiana,Monroe,51709,408,6,19,86,297,4577,1577,2884,116,,49261,834,5,23,113,693,3910,1340,2467,103,0,49474,490,5,18,137,330,3775,1172,2525,78,0,49396,516,6,,29,147,334,4371,1467,2822,82,0,49900,,10,49,,243,,5098,1299,3660,139,10,49703,1293,18,44,,167,1064,4165,895,3144,126,15,6551,6400,6594,6802,6899,7198
Maine,Bangor,31587,52,3,4,30,15,1730,198,1485,47,9,33035,69,2,9,35,23,1672,249,1389,34,1,33036,76,6,7,40,23,1842,253,1543,46,3,32744,70,3,,10,35,22,1844,243,1564,37,4,32586,55,1,,4,22,28,1678,182,1474,22,7,32455,56,1,,5,19,31,1276,173,1086,17,5,5371,5399,5547,5613,5688,5884
Maryland,Cumberland,20449,196,1,17,40,138,1442,370,1049,23,6,21057,153,0,16,42,95,1425,319,1081,25,6,20939,166,0,15,27,124,1415,317,1068,30,8,20495,160,1,,20,44,95,1341,323,991,27,6,20364,149,0,,11,23,115,1306,292,997,17,16,20095,144,1,13,,40,90,1330,280,1025,25,5,2818,2865,2895,2906,2963,3068
Maryland,Salisbury,29046,450,7,22,143,278,2238,575,1598,65,11,30631,369,1,23,74,271,1832,402,1369,61,8,30778,366,1,18,118,229,1859,336,1470,53,8,31517,326,0,,17,99,210,1806,336,1420,50,11,31779,286,0,,17,71,198,1835,311,1478,46,11,33125,311,3,23,,105,180,1802,262,1493,47,13,13721,13507,13546,14401,15203,16077
Massachusetts,Pittsfield,41666,281,1,26,17,237,1183,375,749,59,10,45010,269,4,31,40,194,1266,459,738,69,9,44868,191,0,34,38,119,1166,372,751,43,5,43992,111,0,31,,29,51,1352,481,827,44,3,43895,194,0,35,,30,129,1341,459,842,40,7,43450,284,4,38,,34,208,1270,414,807,49,5,5284,5553,5953,5988,6101,6334
Massachusetts,Springfield,154314,2090,16,129,587,1358,7547,2660,4015,872,66,153993,1581,20,31,532,998,7365,2499,4072,794,55,154518,1606,11,39,542,1014,7024,2317,3947,760,68,153586,1673,22,89,,598,964,7113,2360,4018,735,56,153766,1662,13,94,,583,972,5903,1793,3478,632,55,154090,1654,18,95,,510,1031,5168,1303,3261,604,32,22483,22956,23776,24057,24671,25337
Massachusetts,Worcester,181908,1744,7,19,368,1350,6190,1910,3687,593,10,182145,1800,11,36,411,1342,6077,2066,3481,530,10,183247,1758,8,33,419,1298,6432,2040,3927,465,6,183454,1750,9,22,,483,1236,6239,1916,3924,399,7,183248,1762,6,7,,402,1347,5604,1414,3824,366,2,183377,1627,8,26,,407,1186,5375,1214,3765,396,3,34216,35022,35714,36876,37896,39257
Michigan,Ann Arbor,111745,284,0,43,76,165,2937,524,2284,129,22,113848,261,0,36,59,166,2549,534,1918,97,11,115008,227,1,35,50,141,2726,714,1898,114,23,116799,247,3,48,,49,147,2525,410,2021,94,12,117768,194,0,56,,24,114,2200,320,1779,101,11,118730,228,0,58,,42,128,2364,274,2018,72,5,19145,19168,19247,19784,20347,21212
Michigan,Battle Creek,60386,702,5,63,120,514,3134,1075,1910,149,19,61658,567,5,62,98,402,3089,1146,1846,97,25,,,,,,,,,,,,,,,,,,,,,,,,61225,480,3,54,,66,357,2350,770,1477,103,16,61240,462,4,72,,63,323,2235,647,1516,72,15,5227,5097,5213,5430,5480,5685
Michigan,Bay City,33200,250,1,53,45,151,1056,340,681,35,9,34906,170,0,36,35,99,797,244,524,29,13,34742,215,1,42,29,143,791,199,553,39,10,34395,217,0,62,,21,134,938,210,674,54,5,34307,182,1,55,,19,107,1003,272,695,36,4,33965,206,0,49,,29,128,1088,312,737,39,5,2977,2981,3038,3091,3100,3148
Michigan,Flint,109245,2412,53,92,670,1597,6237,3648,1936,653,343,102357,2392,52,85,607,1648,6618,3628,2220,770,287,101632,2774,63,108,673,1930,5645,2979,2207,459,226,99941,1907,48,145,,447,1267,4261,1941,2000,320,110,99166,1694,28,115,,277,1274,3891,1677,1944,270,133,98221,1451,47,77,,272,1055,3538,1391,1880,267,79,11939,12111,12523,12771,13133,13876
Michigan,Jackson,32741,319,5,42,54,218,1586,406,1127,53,14,,,,,,,,,,,,,,,,,,,,,,,33378,370,4,59,,61,246,1732,433,1220,79,15,33404,299,3,40,,53,203,1428,232,1157,39,22,33126,411,3,55,,78,275,1477,258,1155,64,15,4990,5163,5174,5648,5696,5871
Michigan,Midland,40346,52,1,14,2,35,729,121,606,2,10,41831,54,1,16,3,34,489,60,425,4,7,42106,38,1,15,5,17,457,56,400,1,3,,,,,,,,,,,,,42256,50,1,19,,8,22,546,57,477,12,0,41975,49,1,21,,2,25,534,47,483,4,2,3710,3916,3838,3867,4077,4134
Michigan,Monroe,21062,115,0,16,33,66,869,190,586,93,7,20717,107,0,13,24,70,911,244,622,45,5,20687,108,1,10,25,72,831,234,560,37,8,20474,110,1,25,,23,61,714,151,521,42,1,,,,,,,,,,,,,20074,95,0,17,,11,67,498,107,373,18,3,3935,4030,4173,4390,4540,4613
Michigan,Muskegon,38829,371,1,46,90,234,2234,528,1609,97,23,38372,364,5,34,86,239,2157,585,1500,72,17,,,,,,,,,,,,36658,325,3,47,,70,205,1970,649,1262,59,10,36964,305,2,24,,69,210,1764,443,1218,103,8,38442,278,1,27,,64,186,1613,326,1186,101,9,4851,5092,5255,5387,5613,5731
Michigan,Saginaw,54155,1209,4,61,192,952,2195,1310,763,122,23,51469,1168,8,37,170,953,1886,1125,657,104,46,51267,1211,27,65,167,952,1765,1042,618,105,26,50580,985,29,64,,129,763,1492,746,644,102,18,50030,845,11,70,,124,640,1209,555,593,61,14,49459,692,7,58,,87,540,1090,460,553,77,48,6969,7139,7152,7334,7471,7605
Minnesota,Duluth,84249,,1,,90,165,,605,3301,,9,86931,,0,,82,164,4346,756,3424,166,19,86830,,2,,90,213,3861,642,3047,172,54,86211,342,2,52,,72,216,4283,643,3484,156,23,86106,309,3,42,,73,191,3650,503,3002,145,12,86241,352,2,71,,54,225,3611,602,2858,151,11,10932,11847,11580,12223,12677,12432
Minnesota,Rochester,105027,,1,,58,123,2429,399,1925,105,24,107593,,1,,65,102,2323,425,1809,89,20,108582,,2,,55,104,2721,495,2137,89,13,109675,214,0,50,,54,110,2558,429,2026,103,8,111712,205,2,46,,52,105,2223,338,1775,110,8,112542,198,1,47,,50,100,2546,468,1987,91,3,9771,9768,10080,10395,10782,11214
Minnesota,St. Cloud,67942,,3,,43,134,2542,347,2102,93,18,66350,,0,,45,129,2578,431,2040,107,8,,,,,,,,,,,,65977,250,1,56,,46,147,2842,371,2308,163,25,66366,261,0,47,,53,161,2510,382,1973,155,11,66498,248,4,55,,57,132,3259,399,2736,124,11,7676,7906,8139,8473,8981,9399
Mississippi,Hattiesburg,53678,115,4,9,62,40,2317,434,1809,74,6,,,,,,,,,,,,46726,118,5,13,66,34,2668,375,2183,110,3,47549,157,4,,43,46,64,2756,442,2224,90,3,47930,125,11,,21,40,53,2760,398,2291,71,2,47315,105,6,16,,34,49,3013,606,2350,57,3,4934,5031,5271,5332,5468,5658
Mississippi,Jackson,174153,1718,41,101,1086,490,13250,4818,6877,1555,83,174170,1620,52,126,808,634,12811,4722,6632,1457,86,175939,1668,63,135,799,671,11568,4124,6308,1136,63,176039,1631,50,,110,845,626,10284,3366,5864,1054,124,172376,1593,61,,117,801,614,10382,2952,6303,1127,241,170508,1571,53,,139,781,598,8621,2395,5222,1004,83,25283,26301,27409,27958,28662,28996
Missouri,Cape Girardeau,37627,238,1,13,54,170,2463,414,1985,64,7,38079,252,1,15,94,142,2473,394,2017,62,2,38474,243,3,12,66,162,2628,500,2052,76,16,38716,258,5,12,,85,156,1990,446,1487,57,6,39012,226,4,11,,66,145,1793,336,1389,68,4,39439,210,2,19,,62,127,1949,312,1535,102,7,3537,3513,3546,3690,3765,3788
Missouri,Columbia,103417,530,3,37,131,359,3816,552,3129,135,7,108894,582,2,37,166,377,4263,798,3323,142,16,110646,476,3,41,162,270,4221,784,3294,143,14,114587,416,5,67,,112,232,4359,703,3490,166,14,116847,410,5,63,,116,226,3988,750,3069,169,26,118911,600,1,82,,141,376,3635,839,2570,226,9,6796,6978,7241,7790,8016,8303
Missouri,Jefferson City,41092,197,1,6,40,150,1668,284,1348,36,19,43236,245,1,9,58,177,1613,282,1305,26,10,43413,261,2,12,39,208,1586,235,1311,40,10,43193,200,0,7,,36,157,1446,235,1162,49,6,43372,133,1,6,,25,101,1331,166,1134,31,4,43127,162,2,14,,42,104,1378,178,1153,47,2,6194,6102,6136,6534,6650,6750
Missouri,Joplin,50346,288,1,39,64,184,3404,558,2612,234,29,50332,249,2,33,54,160,3533,692,2562,279,12,50654,288,2,27,70,189,3838,653,2920,265,28,49272,240,1,35,,55,149,3925,617,3055,253,14,50751,261,3,48,,62,148,3948,611,3042,295,21,51412,312,3,43,,84,182,3514,510,2679,325,33,6065,6175,6328,6487,6555,6710
Missouri,Kansas City,483191,5506,102,234,1626,3544,26919,7124,16625,3170,343,461458,5536,108,265,1665,3498,25545,6848,15305,3392,302,464073,5862,105,246,1647,3864,25642,6964,15088,3590,262,465514,5864,99,377,,1662,3726,24648,6412,13949,4287,207,468417,5862,78,390,,1625,3769,22648,5659,13037,3952,217,473373,6709,109,366,,1703,4531,21024,4871,12249,3904,198,107265,109235,114154,116686,121105,125618
Missouri,Springfield,157110,1328,11,120,310,887,15216,2188,12024,1004,59,160078,1306,5,110,286,905,14418,2053,11391,974,47,160962,1596,16,141,353,1086,14504,2215,11238,1051,61,163062,1894,12,281,,395,1206,14691,2313,11232,1146,63,165280,1961,16,265,,390,1290,12638,1814,9509,1315,49,166860,2262,10,298,,448,1506,13007,1956,9799,1252,59,15599,15827,16248,16819,17519,18404
Missouri,St. Joseph,75922,305,5,20,70,210,3605,870,2547,188,16,77059,281,4,21,82,174,4056,907,2870,279,17,77330,323,1,22,91,209,4708,993,3344,371,25,77347,374,1,61,,85,227,4338,805,3237,296,16,77269,351,2,56,,89,204,4294,680,3295,319,12,77035,397,7,61,,86,243,4534,847,3235,452,21,4817,4918,5305,5570,5600,5716
Missouri,St. Louis,355151,6205,144,188,2125,3748,27324,6705,16356,4263,250,320454,5950,113,188,2127,3522,25669,7015,15285,3369,191,318667,5661,113,199,1778,3571,21995,4986,13520,3489,196,318563,5077,120,333,,1457,3167,21087,4305,13452,3330,179,318574,5348,159,279,,1562,3348,19919,4209,12463,3247,190,317095,5762,188,263,,1790,3521,20028,4202,12680,3146,223,133888,136646,141365,144901,149927,155077
Montana,Billings,108039,280,2,25,42,211,5021,848,3811,362,14,105095,313,2,36,36,239,4693,669,3689,335,9,106371,370,3,38,68,261,4812,793,3608,411,14,107802,360,4,39,,81,236,5604,989,4074,541,7,110245,417,10,72,,54,281,4935,631,3746,558,12,109997,484,9,65,,67,343,5176,600,3824,752,9,7422,8605,8889,8970,9480,9764
Montana,Great Falls,59984,124,4,6,21,93,2776,308,2343,125,6,59024,176,2,13,33,128,2699,303,2287,109,20,59360,151,1,10,25,115,2788,320,2338,130,15,58940,149,0,30,,18,101,2683,393,2186,104,5,59501,162,0,28,,21,113,2561,314,2130,117,6,59252,153,4,13,,29,107,2666,348,2196,122,10,3032,3130,3176,3151,3299,3455
Nebraska,Grand Island,47736,168,2,31,22,113,2297,373,1829,95,12,48953,149,1,28,29,91,2448,399,1958,91,6,49583,162,0,40,21,101,2305,367,1859,79,17,50441,136,1,,36,8,91,2389,526,1759,104,7,50999,131,0,,34,8,89,2223,403,1719,101,11,51861,121,0,,36,11,74,1497,214,1201,82,4,3431,3724,3887,4061,3999,4053
Nebraska,Lincoln,259672,1258,2,143,182,931,10218,1464,8406,348,,260685,966,4,166,177,619,10189,1401,8424,364,25,264175,1050,3,182,197,668,10171,1616,8244,311,26,267565,990,5,,142,212,631,9354,1423,7625,306,40,271208,918,7,,152,205,554,9082,1305,7452,325,65,276585,1025,1,,193,214,617,9033,1328,7344,361,91,14526,15052,16314,17355,18025,18773
Nevada,Reno,222242,1168,9,46,385,728,7468,1638,5101,729,29,227120,1108,14,27,383,684,6550,1618,4311,621,26,230486,1192,7,33,327,825,7423,1633,4909,881,29,232561,1154,14,,68,305,767,7180,1411,4901,868,18,235055,1147,15,128,,263,741,6798,1312,4711,775,15,239721,1419,15,136,,345,923,7531,1440,5070,1021,26,18854,19108,19199,19512,20823,22043
New Jersey,Ocean City,14725,27,0,4,9,14,894,189,700,5,1,11740,22,0,1,1,20,581,111,468,2,0,11676,15,0,1,1,13,478,88,388,2,0,11473,12,0,,3,3,6,440,88,346,6,0,11392,13,0,,0,3,10,475,84,384,7,0,11296,10,0,2,,4,4,475,64,409,2,0,4298,4382,4499,4532,4657,4732
New Jersey,Trenton,83552,1198,15,13,500,670,2516,865,1289,362,45,85196,1208,23,25,519,641,2570,1138,993,439,25,85317,1251,24,23,577,627,2746,1291,986,469,19,84439,1122,37,,13,525,547,2321,996,909,416,20,84324,931,32,,23,403,473,2029,819,870,340,26,83662,1018,17,48,,402,551,2030,771,784,475,25,25853,26251,28026,29043,29654,30815
New Mexico,Albuquerque,545389,4291,42,338,940,2971,26372,5465,18134,2773,121,551961,4207,35,264,998,2910,27976,5985,19168,2823,133,553684,4151,41,278,1092,2740,29718,6677,20298,2743,86,558165,4325,37,,439,1046,2803,30531,7297,20229,3005,83,558874,4934,30,,402,1381,3121,30437,6123,20756,3558,86,559721,5406,43,,404,1686,3273,33993,5996,22818,5179,89,39043,39634,40293,40249,41684,42673
New Mexico,Farmington,44563,477,3,63,25,386,1678,319,1270,89,20,46390,504,2,73,40,389,1628,244,1291,93,10,45328,481,4,81,39,357,1866,332,1430,104,12,45820,291,3,,49,43,196,1674,297,1285,92,12,45289,301,2,,56,52,191,1521,307,1116,98,14,44076,187,3,,68,40,76,1688,244,1320,124,,6337,7245,7087,7079,7306,6033
New Mexico,Las Cruces,97065,408,3,11,62,332,4326,1110,3026,190,11,98710,424,3,17,68,336,4546,1120,3164,262,2,99824,394,5,56,70,263,4419,991,3214,214,9,102007,332,6,,27,74,225,4349,724,3454,171,6,102113,295,7,,55,60,173,4614,828,3563,223,5,102227,268,3,,34,54,177,5065,729,4117,219,3,6216,6240,6150,6069,6266,6369
New Mexico,Santa Fe,76442,367,8,39,81,239,4349,2392,1781,176,9,68707,305,2,19,77,207,3749,1943,1639,167,9,68751,331,2,15,109,205,3897,1907,1816,174,25,,,,,,,,,,,,,70438,244,3,,23,73,145,3017,1157,1747,113,10,70845,311,2,,42,92,175,3111,1148,1809,154,14,6940,6885,6776,7068,7123,7417
New York,Binghamton,43628,266,4,18,70,174,2085,423,1644,18,2,47589,268,0,17,76,175,2284,415,1796,73,2,47250,315,3,15,81,216,2336,558,1732,46,,46304,284,3,,19,101,161,2349,525,1767,57,,46229,305,1,49,,82,173,2048,343,1653,52,5,46048,310,4,37,,89,180,2092,342,1707,43,4,8797,8891,8964,9135,9159,9283
New York,Elmira,28823,108,4,5,29,70,1057,259,773,25,3,29331,70,1,2,25,42,1141,255,871,15,3,29362,104,2,1,40,61,1192,250,923,19,1,28921,81,0,,2,29,50,1027,224,790,13,,28803,80,1,,0,29,50,964,230,712,22,3,28489,84,1,,1,38,44,872,179,675,18,3,3158,3250,3335,3355,3381,3399
New York,Glens Falls,13650,42,0,2,3,37,209,29,177,3,0,14766,44,0,2,5,37,410,68,331,11,1,14807,43,1,3,2,37,372,51,315,6,,14582,22,0,,2,3,17,343,50,288,5,,14518,25,0,8,,4,13,338,39,293,6,1,14364,36,0,11,,3,22,235,26,203,6,0,4257,4322,4484,4508,4629,4741
New York,Ithaca,29791,60,0,4,23,33,1143,152,963,28,0,,,,,,,,,,,,30216,65,0,4,30,31,1238,177,1033,28,,,,,,,,,,,,,,,,,,,,,,,,,,,,,,,,,,,,,,4292,4331,4515,4618,4683,4889
New York,Kingston,22012,81,1,5,29,46,611,142,451,18,4,24000,93,0,8,34,51,580,115,450,15,3,24016,70,0,4,20,46,772,114,648,10,1,23665,74,1,,4,25,44,687,112,565,10,1,23702,67,2,5,,25,35,672,87,578,7,1,23485,71,0,13,,30,28,660,98,549,13,1,5179,5088,5232,5402,5466,5701
New York,Rochester,203802,2229,41,99,816,1273,11820,3448,7620,752,176,211511,2029,31,95,755,1148,10934,3384,6849,701,177,211993,2069,36,112,817,1104,11283,2978,7683,622,194,210562,2107,42,,92,918,1055,10051,2587,6855,609,132,210347,1765,27,190,,698,850,8856,2125,6058,673,135,209922,1839,33,148,,640,1018,8266,1753,5779,734,108,49331,49547,51091,53005,53246,55382
New York,Syracuse,136284,1291,15,68,377,831,5708,2174,3167,367,54,145822,1302,11,63,388,840,5275,1705,3261,309,60,145934,1372,14,75,454,829,5976,1896,3698,382,45,143834,1192,21,,75,400,696,6473,1781,4298,394,57,144534,1164,20,70,,406,668,5755,1404,3986,365,57,144027,1142,22,77,,359,684,5087,1194,3577,316,41,28953,28992,30125,30468,31037,31728
North Carolina,Asheville,77067,432,2,31,165,234,3671,743,2638,290,8,84450,444,5,22,181,236,3949,753,2875,321,11,85295,423,6,33,141,243,4910,742,3832,336,11,,,,,,,,,,,,,88184,501,4,,43,194,260,4277,841,3164,272,17,89003,447,7,,35,147,258,4380,870,3264,246,16,14291,14382,14932,15108,15792,16888
North Carolina,Burlington,52210,395,3,11,69,312,3519,794,2599,126,9,50597,405,2,14,104,285,3669,880,2668,121,4,51430,406,2,17,105,282,2792,671,1998,123,5,51401,362,0,,16,100,246,2635,546,1977,112,4,51627,352,3,,20,88,241,2064,460,1506,98,8,52006,372,6,,15,75,276,1884,431,1361,92,9,4418,4572,4914,4871,4849,5075
North Carolina,Fayetteville,208263,1101,17,57,461,566,12566,3928,7916,722,53,203107,1050,25,56,495,474,12972,4204,8088,680,51,205966,1186,22,70,560,534,13163,4109,8298,756,47,202524,1170,25,,65,586,494,12261,3279,8351,631,49,205306,1039,19,,72,470,478,10524,2510,7427,587,48,,,,,,,,,,,,,16621,16960,17147,16994,16745,16989
North Carolina,Goldsboro,38179,386,5,3,105,273,2525,734,1663,128,5,36899,343,7,2,91,243,2655,675,1840,140,2,37107,312,13,3,73,223,2357,584,1648,125,0,37230,283,5,,3,67,208,2344,571,1670,103,2,36481,328,6,,1,74,247,2209,462,1655,92,5,36034,465,9,,2,91,363,2244,538,1621,85,2,4011,4044,4209,4265,4317,4446
North Carolina,New Bern,29657,141,1,8,23,109,1806,779,973,54,1,29898,175,1,10,51,113,1807,714,1053,40,4,30195,163,3,10,36,114,1861,745,1066,50,3,30514,120,0,,7,43,70,1567,525,992,50,2,30371,122,0,,7,38,77,1267,310,936,21,1,30433,116,2,,3,28,83,1127,204,894,29,2,4627,4596,4750,4691,4831,5003
North Carolina,Raleigh,419700,1740,14,99,643,984,12995,3021,9104,870,63,409014,1724,17,127,680,900,13242,2985,9343,914,84,420594,1780,17,113,665,985,13779,3036,9812,931,59,428993,1683,12,,79,605,987,13140,3157,9278,705,54,,,,,,,,,,,,,,,,,,,,,,,,,58652,61046,63471,65522,69277,75756
North Carolina,Rocky Mount,59688,688,11,14,210,453,3566,1057,2339,170,13,58206,569,12,13,151,393,3916,1146,2625,145,19,58002,749,8,13,128,600,3383,1046,2192,145,15,57021,599,4,,16,154,425,3282,992,2179,111,10,56757,533,15,,15,113,390,2744,735,1929,80,19,55978,442,12,,14,106,310,2326,640,1610,76,10,6325,6142,6085,6025,6012,6461
North Carolina,Wilmington,102649,724,5,47,282,390,5706,1447,3781,478,13,107826,662,10,32,254,366,5708,1454,3843,411,23,109370,618,8,23,261,326,5910,1694,3843,373,9,110985,687,7,,39,253,388,5549,1645,3569,335,17,113418,766,18,,36,237,475,5172,1343,3475,354,17,115434,880,14,,62,274,530,5170,1405,3471,294,9,11001,11552,11493,12306,13021,13607
North Dakota,Bismarck,64142,197,1,21,17,158,1508,182,1250,76,5,62305,166,1,27,15,123,1865,258,1494,113,4,64103,218,1,31,16,170,1945,320,1522,103,9,65850,194,1,26,,15,152,1730,334,1289,107,6,68492,185,1,23,,14,147,1705,211,1382,112,2,70873,104,1,7,,10,86,924,87,759,78,2,5243,5693,6635,7077,7525,7851
North Dakota,Fargo,99694,302,0,44,35,223,2764,392,2205,167,14,107329,384,1,42,47,294,2671,423,2120,128,13,109813,394,2,69,46,277,2835,451,2229,155,16,111101,446,3,71,,58,314,3209,701,2342,166,13,115686,410,4,80,,76,250,3042,539,2304,199,15,118490,414,3,79,,52,280,3522,666,2594,262,10,11229,12472,13742,14108,14842,15351
North Dakota,Grand Forks,53382,119,0,33,7,79,1424,252,1095,77,5,53729,133,0,32,8,93,1533,306,1130,97,6,53839,146,0,24,23,99,1409,228,1091,90,2,53625,144,0,30,,25,89,1343,191,1084,68,3,55438,127,1,24,,15,87,1545,246,1208,91,6,56861,176,2,36,,23,115,1643,226,1302,115,2,4023,4128,4555,4732,4779,4977
Ohio,Akron,205760,1665,22,159,602,882,10851,4247,5855,749,106,199256,1779,27,165,718,869,10864,4268,5790,806,95,198390,1759,24,167,577,991,10034,3429,5884,721,103,198405,1570,23,160,,528,859,9649,3096,5922,631,85,197891,1358,26,171,,435,726,9061,2871,5611,579,67,197587,1168,28,166,,402,572,8027,2426,5002,599,83,28628,29563,30679,31266,32810,34419
Ohio,Cincinnati,332365,3608,68,233,2116,1191,20513,6490,12408,1615,199,297160,3067,61,183,1773,1050,20462,6674,12512,1276,328,296204,2887,46,188,1725,928,18173,5483,11590,1100,386,296491,2826,70,199,,1610,947,17231,5467,10488,1276,246,297671,2695,60,228,,1356,1051,16557,4820,10639,1098,353,298478,2761,66,236,,1263,1196,16446,4413,10873,1160,440,104314,108575,113499,115863,122336,127057
Ohio,Columbus,772974,5451,94,566,3359,1432,50168,15234,30784,4150,403,787609,5185,87,565,3244,1289,49043,15169,30259,3615,,,,,,,,,,,,,,,,,,,,,,,,,830811,4563,83,738,,2098,1644,35334,9066,23328,2940,,847745,4631,77,806,,2240,1508,33353,7219,23021,3113,405,96475,101776,108766,112543,117645,124381
Ohio,Dayton,152319,1509,34,92,782,601,8891,3380,4840,671,203,141631,1355,33,98,638,586,8323,3121,4569,633,149,142139,1384,24,112,633,615,8385,3043,4649,693,129,141167,1230,28,107,,518,577,7655,2613,4427,615,127,143217,1225,27,135,,535,528,7963,2976,4397,590,84,140683,1325,26,147,,479,673,7089,2412,3994,683,87,34226,35891,36639,36861,38357,39206
Ohio,Lima,37182,336,3,37,88,208,2222,792,1328,102,32,38799,404,1,48,97,258,2262,786,1357,119,20,38691,466,6,51,101,308,2080,618,1382,80,22,38214,366,3,,42,78,243,1932,582,1255,95,26,38265,353,3,40,,71,239,1868,592,1201,75,26,38154,347,2,,48,83,214,2166,603,1474,89,17,5019,5472,5317,5552,6133,6057
Ohio,Mansfield,49069,159,3,35,73,48,2933,905,1966,62,15,47856,171,3,32,86,50,3063,913,2044,106,15,47480,178,1,27,93,57,3205,1016,2104,85,51,46832,169,0,33,,82,54,3167,982,2111,74,25,46145,210,3,40,,87,80,3174,901,2127,146,26,46605,228,3,56,,74,95,2670,764,1821,85,14,3700,3850,3941,4043,4223,4199
Ohio,Springfield,61540,480,4,37,216,223,4494,1501,2723,270,28,60652,390,3,32,209,146,4630,1614,2816,200,33,60329,373,5,38,178,152,4337,1420,2746,171,80,60012,427,6,46,,208,167,4463,1304,2923,236,72,58891,442,7,50,,223,162,4238,1310,2715,213,61,59804,355,12,31,,163,149,3699,1045,2449,205,0,3548,3766,3945,4049,4182,4211
Ohio,Toledo,315647,2854,23,140,1097,1594,,7287,,1197,492,287418,2868,30,124,1152,1562,,8366,,1465,509,286020,3352,39,172,1126,2015,,6729,,1334,529,283035,2902,28,129,,962,1783,,5357,,1064,,281150,3068,24,231,,944,1869,,4691,,949,,279552,3156,24,228,,902,2002,12510,4127,7483,900,,27158,29458,30071,30605,33653,34019
Oklahoma,Enid,48581,226,2,28,25,171,2173,466,1642,65,7,49908,222,0,22,31,169,1843,445,1325,73,4,49755,164,2,28,21,113,1978,486,1402,90,8,49965,228,3,,24,16,185,2294,557,1647,90,6,51037,189,0,45,,24,120,2045,486,1460,99,5,51870,173,1,29,,20,123,1867,422,1373,72,0,2379,2551,2839,3050,3213,3010
Oklahoma,Lawton,92025,831,3,60,113,655,5254,1757,3279,218,42,97904,829,8,57,175,589,5531,1960,3365,206,59,98781,920,13,38,173,696,5208,1560,3349,299,41,98548,919,13,,80,168,658,5027,1485,3313,229,33,96966,893,11,75,,194,613,4508,1371,2926,211,47,96801,942,9,55,,208,670,4420,1218,2964,238,46,4640,4686,4642,4772,4818,4957
Oklahoma,Oklahoma City,571865,5304,54,340,1112,3798,33263,9901,19760,3602,119,586208,5108,58,277,1232,3541,34113,9855,20199,4059,91,595607,5474,85,389,1209,3791,35390,9854,21162,4374,119,605034,4998,62,,450,1191,3295,32479,8016,20387,4076,130,617975,4782,45,434,,1126,3177,27258,6638,17111,3509,96,630621,4828,73,480,,1192,3083,24948,5823,16228,2897,93,59021,64871,68404,72811,76050,72019
Oklahoma,Tulsa,393412,4304,54,252,1381,2617,21355,7146,11857,2352,203,396101,3960,49,266,1090,2555,21923,7353,12136,2434,259,398904,3949,42,316,1062,2529,20807,6235,12162,2410,238,394498,3827,60,,373,994,2400,20978,5935,12654,2389,154,399556,3217,46,313,,920,1938,20304,5500,12494,2310,138,401520,3628,55,365,,854,2354,20892,5512,12729,2651,174,46343,51010,53543,55088,57776,54604
Oregon,Albany,48777,86,0,12,26,48,1287,204,1023,60,25,50692,44,1,17,9,17,1439,262,1083,94,10,51084,44,0,10,23,11,1580,224,1262,94,10,51645,40,0,,8,27,5,2019,252,1625,142,6,51889,42,2,,10,26,4,1675,201,1358,116,3,52394,41,2,,10,16,13,1726,173,1447,106,11,3058,3130,3263,3336,3440,3570
Oregon,Corvallis,51276,57,0,9,12,36,1377,209,1132,36,23,55042,71,0,13,15,43,1753,287,1421,45,13,55062,67,1,11,15,40,1418,235,1153,30,16,55218,64,0,10,,16,38,1587,195,1354,38,8,55541,72,0,16,,12,44,1737,225,1476,36,10,55100,69,1,25,,14,29,1546,201,1297,48,7,5436,5305,4773,4458,4376,4409
Oregon,Eugene,153269,416,0,80,168,168,7028,1293,5136,599,98,157848,460,0,78,177,205,7878,1440,5862,576,63,158043,430,0,72,196,162,8004,1515,6054,435,82,158499,402,0,68,,195,139,7920,1539,5773,608,55,,,,,,,,,,,,,161608,513,4,87,,138,284,6259,1103,4609,547,42,11748,12153,12562,13175,13588,14322
Oregon,Medford,73525,300,3,46,40,211,3219,379,2678,162,36,75704,387,6,38,60,283,3895,370,3375,150,43,76037,425,2,39,64,320,4418,477,3764,177,49,76949,483,1,37,,99,346,4813,575,4075,163,53,78356,393,0,45,,93,255,5127,536,4358,233,68,79461,393,1,33,,56,303,4859,427,4130,302,34,6071,6026,6276,6514,6797,7176
Oregon,Salem,155820,483,1,48,118,316,6056,868,4761,427,36,156283,519,3,32,119,365,5960,891,4641,428,37,157353,564,7,40,138,379,6731,1043,4958,730,51,158234,520,7,47,,138,328,6782,983,5143,656,42,162028,505,2,44,,103,356,7031,828,5562,641,35,163320,537,5,44,,127,361,6667,734,5222,711,27,12611,12453,12591,12878,13482,14069
Pennsylvania,Altoona,46213,167,0,29,51,87,947,294,616,37,10,46468,143,0,26,39,78,1090,301,745,44,18,46404,163,2,31,32,98,903,226,641,36,18,46103,131,2,25,,29,75,1035,259,733,43,9,45676,159,1,38,,32,88,890,208,658,24,10,45379,137,1,26,,26,84,894,182,670,42,20,4480,4544,4618,4739,4922,5067
Pennsylvania,Erie,104077,491,12,78,173,228,3490,1106,2245,139,46,102111,431,6,77,150,198,3738,1233,2404,101,32,101972,458,8,64,172,214,3510,1095,2311,104,27,100814,457,3,60,,175,219,3208,1017,2093,98,24,100403,406,10,52,,96,248,2640,772,1794,74,39,98887,430,9,56,,122,243,2499,665,1719,115,31,9694,10248,10190,10540,10598,10862
Pennsylvania,Gettysburg,8172,33,0,13,7,13,182,26,155,1,3,7644,36,0,3,8,25,192,23,166,3,0,7634,27,1,5,1,20,182,24,155,3,4,7653,27,0,8,,8,11,141,28,110,3,2,7667,29,0,6,,2,21,130,17,112,1,0,7640,21,0,1,,8,12,103,17,84,2,1,2691,2663,2785,2920,3057,3058
Pennsylvania,Johnstown,22900,105,3,6,43,53,786,256,502,28,15,22572,151,3,7,60,81,961,358,572,31,2,22360,131,1,6,31,93,822,285,499,38,3,21954,129,7,2,,44,76,802,277,497,28,7,21755,125,6,6,,32,81,808,287,502,19,2,21463,105,3,7,,25,70,691,195,472,24,3,4171,4264,4217,4187,4211,4149
Pennsylvania,Lancaster,55582,511,5,55,214,237,2857,583,2160,114,35,59511,504,5,37,217,245,3014,531,2378,105,18,60155,465,7,37,208,213,2900,439,2351,110,20,59370,497,5,53,,249,190,2692,441,2165,86,19,59325,403,6,68,,165,164,2291,347,1874,70,10,59295,472,7,80,,163,222,2168,255,1827,86,7,20835,21800,22629,23627,24769,25917
Pennsylvania,Lebanon,24357,98,4,10,31,53,678,169,473,36,3,25558,87,0,11,46,30,643,133,486,24,5,25662,99,2,6,48,43,696,123,544,29,5,25583,103,2,2,,62,37,785,139,623,23,7,25538,79,3,10,,31,35,621,106,503,12,2,25599,84,3,4,,32,45,667,119,488,60,3,4142,4268,4402,4520,4562,4609
Pennsylvania,Pittsburgh,312737,2810,55,66,1190,1499,11284,2949,7678,657,154,308609,2476,44,67,1126,1239,10063,2686,6897,480,195,312112,2347,41,47,1134,1125,10691,2537,7610,544,248,307632,2259,45,78,,956,1180,10047,2173,7258,616,208,307613,2455,69,91,,986,1309,9883,2129,7157,597,192,306870,2167,57,82,,858,1170,9895,2197,7097,601,172,117895,123811,127974,130756,137576,138873
Pennsylvania,Reading,81370,767,10,21,384,352,3662,1425,1582,655,29,88363,758,13,22,377,346,3301,1380,1501,420,32,88557,828,15,44,382,387,3612,1447,1629,536,17,88107,743,11,50,,328,354,2799,1040,1465,294,27,87848,760,9,55,,288,408,2551,852,1494,205,20,87744,700,13,37,,291,359,2551,728,1572,251,11,15119,15478,15970,16262,16882,17503
Pennsylvania,State College,54649,74,0,9,16,49,892,111,769,12,18,56608,57,0,12,11,34,893,130,741,22,10,57020,53,1,11,12,29,787,115,658,14,11,56612,41,0,5,,13,23,707,101,596,10,11,56551,26,0,5,,5,16,632,62,564,6,12,57710,27,2,4,,5,16,640,77,556,7,4,6646,6852,7063,7358,7836,8160
Pennsylvania,Williamsport,29320,102,2,12,55,33,1220,232,954,34,19,29475,100,1,8,56,35,1254,222,982,50,8,29582,111,2,5,62,42,1235,266,926,43,19,29536,110,5,10,,47,48,1158,228,902,28,12,29340,132,3,9,,54,66,1011,137,848,26,7,29150,120,7,19,,38,56,908,138,749,21,5,3925,4327,4532,4675,4950,4938
South Carolina,Columbia,130498,1306,16,74,345,871,7898,1699,5528,671,11,,,,,,,,,,,,,,,,,,,,,,,132240,952,8,58,,331,555,7989,1398,5800,791,9,134124,1004,8,71,,320,605,7191,1102,5416,673,11,132495,1058,12,83,,258,705,7204,1094,5252,858,18,31943,32706,33646,34743,36611,38370
South Carolina,Florence,32273,354,2,8,108,236,2891,546,2215,130,5,37488,351,3,16,76,256,3230,537,2530,163,6,37681,328,3,25,83,217,2897,566,2190,141,6,37611,293,2,29,,69,193,2936,456,2376,104,6,37951,332,2,18,,60,252,2800,481,2196,123,23,38183,351,4,12,,74,261,2879,629,2119,131,8,6997,6995,7225,7681,7912,8176
South Carolina,Spartanburg,40448,646,6,18,129,493,3087,679,2207,201,14,37444,657,5,12,127,513,2856,684,1952,220,24,37689,537,2,20,120,395,2694,479,2120,95,14,37522,527,3,24,,130,370,2668,490,2060,118,13,37795,365,2,25,,101,237,2436,415,1878,143,26,37707,380,6,26,,95,253,2383,338,1916,129,14,11410,11997,12263,12785,13525,14176
South Carolina,Sumter,38228,459,4,15,88,352,2747,879,1760,108,10,40996,343,3,11,72,257,2353,789,1426,138,14,40911,403,7,8,65,323,2147,599,1409,139,15,40928,387,2,13,,72,300,2014,637,1249,128,18,41341,326,1,11,,67,247,1933,550,1277,106,8,41017,290,4,1,,64,221,1872,532,1250,90,16,3007,3132,3460,3496,3588,3640
South Dakota,Rapid City,67436,404,2,91,59,252,2823,518,2178,127,8,68782,437,3,99,57,278,2960,560,2244,156,9,69979,425,4,111,55,255,3555,591,2734,230,15,70406,398,2,63,,48,285,2629,578,1902,149,18,71481,426,4,59,,53,310,2704,426,2076,202,3,73801,495,7,92,,68,328,2869,451,2191,227,8,5329,5604,5830,5880,6225,6412
South Dakota,Sioux Falls,160679,482,3,96,55,328,4854,989,3637,228,25,155760,440,5,108,75,252,4707,880,3554,273,60,158354,631,2,139,70,420,5041,899,3843,299,56,161754,636,3,138,,67,428,4930,870,3796,264,27,167339,740,4,149,,88,499,4938,846,3777,315,25,172313,819,2,134,,87,596,5685,1089,4177,419,27,14493,15891,16985,17460,17917,18727
Tennessee,Chattanooga,172460,1557,18,78,512,949,10866,2691,7350,825,7,169187,1460,24,36,385,1015,10635,2503,7338,794,11,,,,,,,,,,,,172286,1692,18,64,,385,1225,11468,2317,8165,986,14,174449,1699,27,106,,348,1218,10968,2089,7862,1017,14,174969,1731,23,94,,324,1290,10356,1832,7646,878,16,20791,21224,22043,22532,23083,24274
Tennessee,Clarksville,126548,802,9,55,121,617,4102,1373,2525,204,24,134128,883,8,61,128,686,4217,1333,2666,218,22,137356,875,10,46,99,720,3741,976,2598,167,25,145599,748,6,84,,115,543,4141,1020,2965,156,28,144639,967,10,65,,100,792,4272,973,3114,185,23,150319,874,13,59,,86,716,4294,733,3397,164,22,9532,10273,10504,10535,10565,10973
Tennessee,Cleveland,40452,351,0,19,29,303,1983,439,1470,74,5,41657,437,2,21,50,364,2260,437,1735,88,9,42068,371,0,29,39,303,2225,398,1751,76,5,42735,339,1,27,,32,279,2440,414,1912,114,8,43135,370,1,20,,28,321,2583,481,1955,147,5,43650,368,4,15,,38,311,2649,403,2112,134,2,3379,3515,4012,4166,4402,4511
Tennessee,Jackson,63969,541,2,25,145,369,4044,1096,2704,244,11,65799,675,6,43,156,470,3746,1126,2397,223,20,65725,972,11,22,191,748,3246,972,2139,135,21,67371,925,11,40,,151,723,3455,815,2484,156,23,67869,734,10,34,,131,559,3063,646,2244,173,21,67415,724,8,44,,136,536,3028,736,2169,123,18,5055,5316,5665,5858,5972,6078
Tennessee,Johnson City,63750,278,1,25,59,193,3010,574,2346,90,15,63722,278,3,7,59,209,2958,682,2187,89,6,64342,319,1,14,51,253,2875,540,2238,97,14,64928,297,2,23,,50,222,2572,399,2097,76,5,65541,242,4,15,,38,185,2367,383,1886,98,7,66369,230,4,16,,45,165,2465,399,1974,92,8,5711,5905,6168,6209,6344,6557
Tennessee,Knoxville,185554,1755,15,122,625,993,12322,2723,8789,810,51,180488,1691,17,94,559,1021,12879,2544,9515,820,26,182254,1774,18,119,528,1109,12169,2882,8373,914,23,183249,1541,18,139,,415,969,11438,2275,8424,739,21,184362,1612,12,135,,413,1052,12028,1976,9216,836,12,185638,1720,22,174,,382,1142,11143,1910,8477,756,16,32832,34288,35483,36106,37422,39155
Tennessee,Memphis,673650,10384,89,422,3236,6637,42138,13094,25114,3930,328,652725,10336,117,398,3083,6738,42355,13254,25667,3434,319,657436,11507,133,420,3382,7572,41503,12575,25959,2969,407,657691,10894,124,437,,3133,7200,39804,11825,25295,2684,366,654922,11399,140,501,,3285,7473,39217,11451,24791,2975,350,657936,11449,135,530,,3131,7653,37047,10272,24049,2726,302,62142,63469,66761,67774,69175,71278
Tennessee,Morristown,28147,243,1,16,43,183,2099,178,1838,83,7,29400,195,1,13,35,146,1964,200,1667,97,4,29617,203,0,13,45,145,1798,191,1522,85,4,29300,162,2,11,,25,124,1583,134,1375,74,5,29401,191,0,10,,23,158,1467,167,1237,63,6,29377,217,0,13,,15,189,1542,203,1244,95,5,3294,3328,3544,3618,3764,3830
Texas,Abilene,116938,578,4,68,112,394,4897,1340,3375,182,26,119526,428,5,33,120,270,4384,1119,3093,172,31,119886,472,3,38,127,304,4393,1037,3185,171,18,119401,477,1,,37,125,314,4769,1055,3460,254,16,120686,571,7,93,,128,343,5344,1095,3887,362,28,121764,613,7,84,,128,394,5354,1168,3798,388,28,5513,5781,6289,6588,6875,6499
Texas,Amarillo,190393,1184,10,91,238,845,11064,2590,7827,647,55,194708,1223,10,104,235,874,9388,2016,6756,616,75,196576,1278,10,110,278,880,8900,2087,6184,629,54,196577,1286,9,214,,242,821,8154,1816,5643,695,50,197724,1344,7,228,,283,826,9343,1834,6659,850,36,198770,1278,7,166,,272,833,9269,1815,6671,783,26,10335,10554,11054,11476,12030,12031
Texas,Corpus Christi,287559,2068,16,191,389,1472,15101,2626,12027,448,105,311637,1987,12,194,370,1411,14897,2668,11762,467,68,312565,2057,16,184,375,1482,14061,2452,11166,443,39,314523,1939,18,,147,390,1384,14601,2595,11519,487,46,319211,2094,27,280,,377,1410,14110,2316,11233,561,50,324326,2092,17,282,,394,1399,11240,2188,8539,513,59,19285,20689,21716,23912,24381,22907
Texas,El Paso,624322,2861,5,179,479,2198,17404,1953,13899,1552,101,662780,2858,16,217,464,2161,16312,1859,12997,1456,120,675536,2859,23,184,471,2181,16411,1826,13425,1160,94,679700,2522,10,,176,457,1879,15558,1771,12993,794,73,680273,2671,21,335,,415,1900,14570,1579,12170,821,48,686077,2515,17,322,,410,1766,13133,1419,10916,798,57,25140,25852,26808,26868,27567,28912
Texas,Laredo,230674,1142,9,78,209,846,11464,1821,8740,903,72,241059,1120,11,76,215,818,10419,1790,8143,486,95,245558,1036,8,81,183,764,10685,1718,8586,381,86,247353,1027,3,,75,207,742,10482,1425,8685,372,82,250994,976,14,99,,196,667,9687,1267,8144,276,75,256280,972,8,133,,162,669,8639,1040,7288,311,88,6214,6661,7082,7255,7573,7564
Texas,Longview,78319,581,10,41,134,396,4290,857,3073,360,30,82148,412,4,20,110,278,3802,819,2705,278,28,82554,463,7,28,131,297,4212,950,2946,316,5,81273,451,5,39,,152,255,3372,630,2542,200,11,81659,272,2,23,,65,182,2942,610,2160,172,2,81842,422,15,42,,129,236,4063,787,2995,281,1,10472,10530,11138,11570,12067,11070
Texas,Lubbock,227867,2001,10,91,328,1572,12391,3083,8802,506,54,234404,1800,8,70,313,1409,12078,3410,7975,693,56,237241,1962,11,104,325,1522,12273,3099,8429,745,46,237875,1829,5,,88,388,1348,11557,2608,8103,846,37,241826,2084,12,128,,333,1611,10617,2288,7563,766,46,247271,2391,16,187,,442,1746,12378,2629,8800,949,33,10542,10456,11192,12000,12325,12830
Texas,Midland,109791,407,2,44,65,296,3599,893,2558,148,13,113486,334,4,21,58,251,3287,715,2435,137,5,115637,398,4,21,52,321,3008,559,2313,136,6,122259,350,5,,22,63,260,3191,568,2459,164,1,127344,407,7,36,,65,299,3266,597,2475,194,5,132625,419,7,46,,61,305,3381,656,2544,181,6,15395,19476,22939,25377,28688,21472
Texas,Odessa,101580,726,3,36,96,591,3523,824,2508,191,16,102043,748,6,37,73,632,3134,617,2336,181,24,103635,1103,5,43,141,914,3717,770,2565,382,23,108265,1080,2,,56,143,879,4374,764,3147,463,13,113619,1068,11,65,,148,844,4217,735,3004,478,24,118606,1228,10,72,,161,985,4541,862,3192,487,31,6084,7458,8812,9547,10468,9254
Texas,San Angelo,92234,276,1,48,50,177,4169,1035,2976,158,16,95161,250,0,32,42,176,3624,801,2685,138,15,,,,,,,,,,,,96661,263,2,54,,22,185,3592,682,2725,185,12,98477,325,3,46,,38,238,3786,808,2738,240,12,100356,354,3,56,,30,265,4089,737,3101,251,19,3915,4192,4399,4773,5048,4876
Texas,Texarkana,37220,527,3,26,98,400,2350,647,1592,111,21,37177,468,3,25,77,363,2477,746,1590,141,28,37048,392,5,16,71,300,2506,616,1761,129,10,37467,329,2,,21,71,235,2300,470,1725,105,27,37687,325,1,41,,64,219,2393,512,1699,182,13,37415,284,3,20,,51,210,1904,320,1464,120,16,4911,4972,5051,4875,5042,5181
Texas,Tyler,100125,644,6,44,99,495,5091,1040,3828,223,12,98939,503,3,46,79,375,4441,834,3423,184,6,100040,536,3,45,92,396,4506,1025,3350,131,7,100033,376,5,43,,53,275,4116,825,3111,180,10,,,,,,,,,,,,,102481,395,5,54,,66,270,4086,673,3210,203,1,9206,9929,10335,10869,11400,10557
Texas,Victoria,63215,388,7,37,75,269,3320,788,2426,106,21,63909,392,2,38,70,282,3249,857,2299,93,18,64076,405,5,31,47,322,2584,594,1887,103,15,64979,396,1,53,,58,284,2479,507,1908,64,15,65726,338,2,67,,38,231,2281,437,1774,70,13,66988,334,3,47,,50,234,2252,440,1711,101,5,4112,4458,5002,5342,5639,5218
Texas,Waco,127039,838,5,51,195,587,6439,1856,4373,210,26,127431,766,11,70,245,440,6422,1670,4593,159,35,128595,635,6,63,182,384,5844,1550,4139,155,53,127570,515,4,,58,142,311,5422,1508,3751,163,42,129944,576,6,101,,138,331,5009,1373,3434,202,32,131413,695,22,78,,142,453,4913,1143,3614,156,55,9095,9131,9675,10050,10499,11007
Texas,Wichita Falls,100716,463,7,44,133,279,5314,1317,3710,287,29,106753,459,1,30,147,281,4876,1241,3398,237,25,105488,475,5,36,150,284,5021,1259,3532,230,6,104514,401,7,,29,124,241,4558,995,3277,286,0,104949,426,2,87,,130,207,4258,939,3082,237,0,105186,406,1,85,,109,211,3821,899,2751,171,1,5857,6417,6666,6763,6984,6305
Utah,Logan,48819,22,0,5,2,15,616,111,486,19,0,49104,26,0,2,2,22,376,49,314,13,1,49672,32,0,1,3,28,1047,206,805,36,3,49049,35,0,20,,0,15,860,138,700,22,3,,,,,,,,,,,,,49145,50,0,29,,1,20,899,154,721,24,6,3701,3991,3991,4093,4326,4528
Utah,Salt Lake City,177873,1289,8,146,359,776,13839,2177,10173,1489,52,190038,1213,6,119,340,748,12798,1658,9654,1486,36,192465,1300,8,122,316,854,14357,1824,10827,1706,39,190246,1475,7,204,,422,842,13461,2068,9517,1876,34,192368,1447,7,219,,450,771,16228,1726,12717,1785,100,191992,1642,8,291,,469,874,17914,2036,13679,2199,36,63831,67215,69662,72596,75331,78950
Utah,St. George,73086,68,0,12,10,46,1616,315,1224,77,5,,,,,,,,,,,,75780,155,0,27,23,105,1561,307,1167,87,5,76427,133,1,39,,11,82,1728,475,1184,69,3,77838,112,0,28,,19,65,1506,310,1086,110,5,79984,116,0,25,,12,79,1398,326,962,110,2,3519,3713,3903,4164,4400,4658
Virginia,Charlottesville,42590,195,3,29,51,112,1693,163,1443,87,5,43994,183,1,27,59,96,1467,114,1252,101,5,43991,198,2,17,50,129,1502,162,1246,94,9,44187,211,1,20,,63,127,1471,200,1218,53,5,44574,191,5,16,,39,131,1356,173,1100,83,1,45997,175,2,18,,48,107,1157,187,918,52,4,10067,10538,11049,11341,11937,12197
Virginia,Harrisonburg,45804,91,1,11,13,66,1072,135,901,36,11,49498,99,1,13,19,66,1060,158,866,36,7,50524,110,1,14,25,70,1067,152,888,27,6,51767,106,1,18,,16,71,1367,206,1126,35,1,52026,103,0,21,,11,71,1150,228,894,28,3,53226,119,1,25,,12,81,1238,157,1048,33,3,6872,6932,7183,7243,7440,7398
Virginia,Lynchburg,75137,323,4,26,75,218,2594,433,2067,94,16,76471,278,3,22,72,181,2469,515,1855,99,9,77347,267,3,34,46,184,2093,365,1659,69,13,77757,330,1,36,,73,220,1974,349,1538,87,6,78639,367,5,30,,56,276,1992,403,1483,106,7,79675,270,2,35,,47,186,1709,232,1400,77,13,8626,8570,8693,8817,9086,9300
Virginia,Richmond,205883,1506,41,40,735,690,8567,1783,5918,866,43,206654,1428,36,44,676,672,8647,1886,5833,928,58,207799,1348,42,38,633,635,9103,2030,6138,935,50,212830,1327,37,43,,624,623,8704,1817,5949,938,50,216747,1254,41,39,,569,605,8388,1685,5969,734,44,220802,1139,43,60,,489,547,8648,1605,6171,872,53,62654,63505,65773,67661,69609,74109
Virginia,Roanoke,94795,677,9,27,176,465,4735,883,3608,244,33,98191,589,8,33,175,373,4635,928,3424,283,32,97780,542,9,40,141,352,4771,940,3583,248,42,97927,457,9,44,,142,262,4444,628,3636,180,21,98941,340,2,35,,89,214,4127,557,3386,184,25,99827,337,11,37,,67,222,3816,464,3163,189,23,13105,13136,13395,13658,14004,14474
Virginia,Winchester,26698,56,0,8,20,28,1125,146,956,23,1,26516,63,0,3,29,31,1117,130,956,31,1,26880,59,0,9,17,33,1194,161,1004,29,5,27163,89,1,25,,29,34,1006,106,867,33,4,27481,85,0,33,,16,36,1083,113,937,33,2,27821,72,0,23,,21,28,1035,118,889,28,2,5125,5260,5494,5657,5872,5911
Washington,Bellingham,81139,282,2,37,73,170,3653,589,2931,133,6,82154,199,1,35,55,108,3738,646,2961,131,7,82665,220,0,29,53,138,3975,614,3223,138,5,,,,,,,,,,,,,83048,220,1,55,,64,100,4699,726,3808,165,2,83976,214,1,47,,45,121,4067,543,3362,162,1,9373,9226,9478,9816,9626,9917
Washington,Longview,36550,132,2,22,22,86,1944,414,1372,158,17,37223,162,2,35,38,87,1997,317,1483,197,57,37032,156,1,26,55,74,2211,468,1604,139,37,36374,170,0,38,,48,84,2421,512,1734,175,15,36459,133,0,31,,27,75,2305,496,1669,140,16,36401,142,1,27,,35,79,1896,359,1394,143,20,3220,3205,3339,3543,3757,3809
Washington,Walla Walla,31265,117,0,19,23,75,1291,229,1005,57,6,32229,130,3,22,20,85,1383,244,1104,35,11,32463,113,0,16,18,79,1446,274,1101,71,11,,,,,,,,,,,,,31833,104,1,21,,12,70,1560,268,1198,94,19,31940,175,4,18,,23,130,1526,249,1182,95,17,2429,2472,2502,2514,2549,2608
Washington,Wenatchee,30287,80,1,16,10,53,1181,150,971,60,2,32426,87,2,5,22,58,1315,197,1056,62,2,,,,,,,,,,,,,,,,,,,,,,,,32820,63,0,12,,15,36,1156,184,914,58,5,33525,52,0,15,,7,30,1154,179,912,63,4,3685,3796,3945,4044,4223,4405
Washington,Yakima,85802,490,12,46,144,288,5555,1464,3501,590,37,92496,481,6,48,156,271,5120,1619,2841,660,17,93419,566,11,52,152,351,5774,1573,3106,1095,11,93589,471,9,37,,144,281,4684,1194,2896,594,14,93667,408,2,39,,115,252,4616,1087,2808,721,39,93798,514,7,51,,126,330,5091,1307,3110,674,25,7700,8055,8417,8424,8807,9023
West Virginia,Beckley,16990,188,1,12,38,137,1472,335,1093,44,10,17637,134,0,11,36,87,1050,212,786,52,4,17675,189,6,21,55,107,1588,335,1221,32,6,,,,,,,,,,,,,17595,186,0,19,,37,130,1268,280,947,41,4,17137,234,3,22,,57,152,1387,319,1024,44,12,4381,4772,4733,4665,4654,4529
West Virginia,Morgantown,31247,100,1,9,22,68,,187,,22,3,,,,,,,,,,,,30294,107,1,4,26,76,823,175,632,16,9,31406,94,0,18,,31,45,681,176,485,20,2,31103,81,2,11,,25,43,794,161,608,25,4,31621,81,0,12,,22,47,675,155,493,27,2,6477,6502,6570,6814,7141,7472
Wisconsin,Appleton,70975,202,0,17,13,172,1716,305,1379,32,15,72939,217,0,33,29,155,1458,220,1213,25,10,73431,213,0,28,22,163,1392,254,1111,27,3,73141,176,1,28,,14,133,1304,186,1088,30,15,73841,197,0,23,,21,153,1381,168,1190,23,17,74310,201,0,43,,13,145,1242,172,1031,39,10,10099,10477,10926,11141,11803,12318
Wisconsin,Eau Claire,66737,139,2,21,23,93,1906,406,1446,54,8,66170,139,0,20,21,98,1959,378,1531,50,10,,,,,,,,,,,,67309,123,1,,22,14,86,1570,235,1287,48,7,67937,110,1,,21,16,72,1727,287,1368,72,4,68046,115,0,,19,17,79,1727,241,1418,68,3,6512,6682,7152,7239,7680,8067
Wisconsin,Fond du Lac,42369,131,0,21,13,97,1130,194,908,28,1,43208,146,2,37,9,98,1069,117,923,29,3,43319,183,0,35,11,137,1210,118,1057,35,6,43042,154,1,31,,11,111,1178,126,1021,31,5,42953,141,1,30,,12,98,1203,100,1075,28,2,42887,164,1,42,,11,110,996,107,859,30,6,3750,3958,4119,4237,4507,4660
Wisconsin,Green Bay,101320,370,2,54,67,247,2595,568,1917,110,6,104510,373,2,54,48,269,2420,467,1852,101,7,106080,514,1,44,87,382,2978,659,2210,109,15,105107,500,2,52,,79,367,2674,575,2001,98,16,104979,520,3,51,,63,403,2310,406,1819,85,12,105119,456,2,62,,58,334,2246,375,1780,91,13,15326,15901,16681,17203,17917,18650
Wisconsin,Madison,238224,933,2,87,326,518,8037,1647,6025,365,30,234225,815,8,74,272,461,7936,1440,6152,344,50,237508,897,3,114,241,539,7753,1601,5898,254,45,242523,884,5,76,,296,507,7729,1382,6094,253,50,245788,846,7,83,,226,530,6978,1129,5603,246,,248833,890,7,121,,221,541,6908,1198,5461,249,7,37283,39110,40664,42532,44112,46574
Wisconsin,Racine,82059,387,8,19,201,159,3406,971,2279,156,,79204,324,5,14,186,119,3605,1239,2227,139,17,79055,374,4,31,211,128,3181,1101,1950,130,24,78141,297,1,,21,179,96,3010,1211,1704,95,9,78057,310,3,,10,200,97,2723,955,1662,106,6,77887,364,4,,16,154,190,2398,774,1528,96,7,7086,7103,7560,7445,7655,7820
Wisconsin,Wausau,38429,102,0,19,14,69,1187,267,894,26,6,39276,123,0,32,21,70,1178,253,890,35,6,39313,120,1,21,21,77,1079,241,806,32,29,39176,85,2,,11,13,59,970,217,725,28,5,39359,85,2,,13,10,60,764,125,609,30,10,39351,105,2,,14,23,66,766,111,626,29,4,5804,6036,6563,6789,7288,7653
Wyoming,Casper,56813,108,2,6,20,80,2405,382,1934,89,22,55761,103,1,10,22,70,2057,287,1693,77,17,56801,86,3,2,12,69,1968,363,1501,104,18,58688,88,2,,7,15,64,2036,294,1657,85,6,60771,84,2,4,,11,67,1632,238,1329,65,8,61355,85,1,8,,17,59,1670,212,1396,62,6,5958,6545,6344,6270,6561,6069
Wyoming,Cheyenne,59361,131,0,27,21,83,2269,236,1948,85,15,59944,147,2,26,25,94,2049,255,1734,60,1,60969,140,0,21,21,98,2081,255,1730,96,9,62149,133,1,,12,12,108,2065,279,1698,88,4,63155,89,2,6,,13,68,1795,246,1465,84,3,63619,122,7,13,,7,95,2039,289,1650,100,8,4835,5225,5424,5414,5529,5584
Alabama,Mobile,,,,,,,,,,,,251869,1619,30,48,637,904,13650,4058,8891,701,70,251516,1314,32,45,460,777,12103,2796,8755,552,66,250557,1541,29,88,,459,965,13011,3207,9123,681,,250655,1488,31,136,,428,893,11603,2847,8225,531,,250346,1529,24,116,,402,987,10794,2208,7977,609,,16713,17144,17174,17472,17979,18478
Louisiana,Baton Rouge,,,,,,,,,,,,231592,2468,64,51,893,1460,12666,4220,7946,500,179,231500,2507,66,64,1033,1344,12059,3826,7751,482,187,230212,2127,49,,74,974,1030,11418,3264,7648,506,103,229387,2120,53,73,,852,1142,10270,2772,6986,512,153,228727,2001,60,102,,808,1031,10243,2377,7372,494,141,44909,46816,49675,48639,51038,53689
Montana,Missoula,,,,,,,,,,,,67381,192,0,26,20,146,2415,299,2019,97,14,67758,221,0,25,33,163,3041,378,2558,105,10,68877,218,1,32,,39,146,2890,418,2341,131,13,69674,222,2,48,,43,129,2869,295,2447,127,12,70553,372,4,66,,29,273,3167,390,2635,142,7,4415,4503,4661,4694,4867,5170
North Carolina,Jacksonville,,,,,,,,,,,,71034,171,1,25,24,121,2034,515,1428,91,3,,,,,,,,,,,,,,,,,,,,,,,,,,,,,,,,,,,,68614,106,2,,16,33,55,1706,287,1368,51,7,7765,7819,7821,7734,7772,7876
Oregon,Grants Pass,,,,,,,,,,,,34901,109,1,15,44,49,1989,286,1620,83,9,,,,,,,,,,,,34865,110,1,11,,35,63,2557,477,1844,236,18,,,,,,,,,,,,,35411,122,1,15,,34,72,1990,285,1517,188,23,1781,1793,1816,1795,1887,2019
West Virginia,Charleston,,,,,,,,,,,,51466,510,5,23,120,362,3009,635,2234,140,31,,,,,,,,,,,,,,,,,,,,,,,,50693,622,9,48,,119,446,3326,688,2497,141,25,50176,622,8,54,,137,423,3312,747,2332,233,27,13553,14455,13973,13874,14200,13700
Wisconsin,Sheboygan,,,,,,,,,,,,49503,131,0,16,26,89,1446,231,1165,50,5,49261,170,4,19,21,126,1517,262,1212,43,5,48791,132,1,,20,14,97,1241,187,1023,31,6,48605,156,1,,22,17,116,1267,160,1083,24,12,48667,159,0,,21,14,124,1150,128,991,31,4,5398,5606,5817,6007,6396,6588
North Carolina,Greenville,,,,,,,,,,,,,,,,,,,,,,,86869,455,7,23,169,256,3845,1130,2596,119,11,88018,555,7,,20,175,353,3862,1157,2573,132,10,90198,468,4,,13,144,307,3685,800,2771,114,4,91114,510,7,,37,138,328,3307,739,2480,88,6,6247,6581,6880,7031,7304,7471
West Virginia,Wheeling,,,,,,,,,,,,,,,,,,,,,,,28356,245,0,17,42,186,767,265,455,47,1,,,,,,,,,,,,,27890,217,0,12,,16,189,705,165,501,39,4,27617,247,1,13,,30,203,575,158,381,36,0,5840,6038,6243,6811,7244,7223